Unnamed: 0,image_name,circle_x,circle_y,circle_radiuos
0,DSC_0843,249,703,81
1,DSC_0844,625,656,80
2,DSC_0845,812,649,83
3,DSC_0846,989,638,83
4,DSC_0847,1179,624,81
5,DSC_0848,1370,614,82
6,DSC_0849,1562,602,81
7,DSC_0850,1766,599,82
8,DSC_0851,1974,617,85
9,DSC_0852,2188,622,82
10,DSC_0853,2415,646,83
11,DSC_0854,2651,671,83
12,DSC_0855,2854,693,78
13,DSC_0856,3078,721,79
14,DSC_0857,3265,748,80
15,DSC_0858,3442,776,81
16,DSC_0859,3598,813,82
17,DSC_0860,3766,846,83
18,DSC_0861,3956,874,79
19,DSC_0862,4193,919,80
20,DSC_0873,262,1201,81
21,DSC_0874,393,1208,74
22,DSC_0875,519,1236,93
23,DSC_0876,638,1238,93
24,DSC_0877,762,1239,93
25,DSC_0878,1077,1226,81
26,DSC_0879,1233,1210,73
27,DSC_0880,1398,1216,74
28,DSC_0881,1576,1214,75
29,DSC_0882,1748,1234,90
30,DSC_0883,1922,1234,75
31,DSC_0884,2087,1244,75
32,DSC_0885,2239,1239,74
33,DSC_0887,2505,1224,72
34,DSC_0889,2798,1210,86
35,DSC_0890,2965,1196,75
36,DSC_0891,3145,1195,78
37,DSC_0892,3327,1188,74
38,DSC_0893,3521,1200,72
39,DSC_0894,3898,1368,80
40,DSC_0918,2348,1656,145
0,DSC_8710,395,2230,64
1,DSC_8711,603,2247,71
2,DSC_8712,675,2240,58
3,DSC_8713,951,2279,57
4,DSC_8714,1302,2305,59
5,DSC_8715,1678,2337,59
6,DSC_8716,2067,2392,56
7,DSC_8720,102,1742,54
8,DSC_8721,343,1776,56
9,DSC_8722,419,1790,54
10,DSC_8723,582,1762,53
11,DSC_8724,758,1718,56
12,DSC_8725,1063,1746,53
13,DSC_8726,1339,1794,52
14,DSC_8727,1579,1840,65
15,DSC_8728,1716,1838,51
16,DSC_8729,1827,1854,57
17,DSC_8730,2048,1871,52
18,DSC_8731,2270,1890,50
19,DSC_8732,2543,1899,50
20,DSC_8733,2746,1893,51
21,DSC_8734,3044,1866,60
22,DSC_8735,3255,1825,51
23,DSC_8736,3335,1829,56
24,DSC_8737,3183,1888,53
25,DSC_8738,2968,1899,54
26,DSC_8739,2622,1868,53
27,DSC_8740,2280,1874,50
28,DSC_8741,1877,1893,53
29,DSC_8742,1405,1906,52
30,DSC_8743,1132,1896,56
31,DSC_8744,596,1896,53
32,DSC_8745,120,1927,53
33,DSC_8750,4171,1348,52
34,DSC_8751,3959,1312,54
35,DSC_8752,3679,1271,57
36,DSC_8753,3525,1244,56
37,DSC_8754,3222,1207,51
38,DSC_8755,3040,1192,53
39,DSC_8756,2859,1173,50
40,DSC_8757,2425,1131,52
41,DSC_8758,2321,1119,51
42,DSC_8759,2071,1098,51
43,DSC_8760,1999,1097,50
44,DSC_8761,1748,1116,53
45,DSC_8762,1697,1137,54
46,DSC_8763,1548,1401,49
47,DSC_8765,4054,1702,54
48,DSC_8766,4051,1394,54
49,DSC_8767,4006,1326,51
50,DSC_8768,3646,1299,50
51,DSC_8769,3481,1276,56
52,DSC_8770,3230,1228,48
53,DSC_8771,3049,1263,59
54,DSC_8772,2871,1291,51
55,DSC_8773,2581,1222,49
56,DSC_8774,2280,1204,52
57,DSC_8775,2013,1192,52
58,DSC_8776,1713,1171,51
59,DSC_8777,1261,1197,53
60,DSC_8778,995,1206,57
61,DSC_8779,928,1229,49
62,DSC_8780,777,1216,48
63,DSC_8781,476,1233,50
64,DSC_8782,121,1181,53
65,DSC_8788,163,1136,55
66,DSC_8789,417,1148,51
67,DSC_8790,686,1157,53
68,DSC_8791,921,1176,52
69,DSC_8792,1130,1175,53
70,DSC_8793,1399,1146,53
71,DSC_8794,1708,1156,51
72,DSC_8795,2173,1190,51
73,DSC_8796,2480,1240,56
74,DSC_8797,2908,1339,52
75,DSC_8798,3267,1456,57
76,DSC_8799,3530,1575,53
77,DSC_8800,3778,1712,57
78,DSC_8801,3962,1839,50
79,DSC_8806,3942,2140,52
80,DSC_8807,4037,1788,54
81,DSC_8808,4087,1613,56
82,DSC_8809,4135,1297,54
83,DSC_8810,4141,1102,56
84,DSC_8811,4136,1023,55
85,DSC_8812,4125,927,55
86,DSC_8813,4071,756,55
87,DSC_8814,4004,568,45
88,DSC_8815,3889,382,50
89,DSC_8816,3720,200,52
90,DSC_8818,2857,269,45
91,DSC_8821,4059,1880,50
92,DSC_8822,4144,1641,58
93,DSC_8823,4217,1380,51
94,DSC_8824,4147,1216,55
95,DSC_8825,4005,1029,49
96,DSC_8826,3119,549,52
97,DSC_8827,2855,539,51
98,DSC_8828,2580,563,54
99,DSC_8829,2380,566,55
100,DSC_8830,2264,561,55
101,DSC_8831,2068,539,61
102,DSC_8832,1940,552,52
103,DSC_8833,1787,601,57
104,DSC_8834,1724,645,57
105,DSC_8835,1663,681,57
106,DSC_8836,1494,713,57
107,DSC_8837,1327,719,55
108,DSC_8838,1214,736,55
109,DSC_8839,1101,749,55
110,DSC_8840,1010,765,58
111,DSC_8841,916,761,57
112,DSC_8842,713,679,58
113,DSC_8843,616,654,55
114,DSC_8844,470,611,57
115,DSC_8845,350,582,55
116,DSC_8846,228,552,53
117,DSC_8849,152,608,59
118,DSC_8850,287,671,57
119,DSC_8851,676,914,54
120,DSC_8852,1160,1370,55
0,DSC_1779,2294,84,84
1,DSC_1780,2430,128,104
2,DSC_1781,2610,150,104
3,DSC_1782,2737,139,80
4,DSC_1783,2856,154,87
5,DSC_1784,2982,156,86
6,DSC_1785,3109,152,84
7,DSC_1786,3342,154,88
8,DSC_1787,3560,180,104
9,DSC_1788,4076,153,88
10,DSC_1805,1154,90,79
11,DSC_1806,770,196,101
12,DSC_1807,373,252,89
13,DSC_1808,196,276,83
14,DSC_1809,68,251,68
15,DSC_1816,196,498,80
16,DSC_1817,596,466,97
17,DSC_1818,741,432,75
18,DSC_1819,872,435,83
19,DSC_1820,1117,438,88
20,DSC_1821,1270,453,95
21,DSC_1822,1443,455,88
22,DSC_1823,1613,469,89
23,DSC_1824,1778,467,78
24,DSC_1825,1940,483,94
25,DSC_1826,2100,470,84
26,DSC_1827,2250,479,99
27,DSC_1828,2421,454,84
28,DSC_1829,2585,434,79
29,DSC_1830,2748,439,99
30,DSC_1831,2921,428,98
31,DSC_1832,3090,413,101
32,DSC_1833,3270,398,101
33,DSC_1834,3439,377,98
34,DSC_1835,3624,341,77
35,DSC_1836,4024,309,78
36,DSC_1840,3916,356,93
37,DSC_1841,3838,344,77
38,DSC_1842,3551,349,80
39,DSC_1843,3268,367,97
40,DSC_1844,2846,355,92
41,DSC_1845,2438,360,89
42,DSC_1846,2018,399,97
43,DSC_1847,1658,438,96
44,DSC_1848,1416,443,90
45,DSC_1849,1209,421,95
46,DSC_1850,883,410,84
47,DSC_1851,310,453,74
48,DSC_1858,159,1098,97
49,DSC_1859,367,1080,100
50,DSC_1860,582,1056,93
51,DSC_1861,778,1031,88
52,DSC_1862,1271,1016,96
53,DSC_1863,1451,1011,85
54,DSC_1864,1617,1041,103
55,DSC_1865,2020,1050,85
56,DSC_1866,2169,1073,102
57,DSC_1867,2323,1075,101
58,DSC_1868,2779,1062,87
59,DSC_1869,2966,1063,83
60,DSC_1870,3153,1071,80
61,DSC_1871,3335,1080,80
62,DSC_1872,3516,1083,79
63,DSC_1873,3705,1085,85
64,DSC_1874,3908,1085,97
65,DSC_1875,4113,1067,85
66,DSC_1881,3923,1175,98
67,DSC_1882,3476,1136,83
68,DSC_1883,3045,1158,98
69,DSC_1884,2521,1197,100
70,DSC_1885,2053,1228,100
71,DSC_1886,1535,1205,84
72,DSC_1887,1241,1187,80
73,DSC_1888,1041,1153,78
74,DSC_1889,637,1110,76
75,DSC_1890,78,1131,76
76,DSC_1896,76,1784,76
77,DSC_1897,344,1813,82
78,DSC_1898,527,1844,99
79,DSC_1899,691,1857,104
80,DSC_1900,839,1851,102
81,DSC_1901,990,1827,100
82,DSC_1902,1163,1790,82
83,DSC_1903,1566,1799,85
84,DSC_1904,1714,1819,102
85,DSC_1905,1886,1823,99
86,DSC_1906,2058,1813,81
87,DSC_1907,2206,1827,81
88,DSC_1908,2340,1836,82
89,DSC_1909,2461,1848,97
90,DSC_1910,2585,1824,85
91,DSC_1911,2712,1826,102
92,DSC_1912,3016,1785,101
93,DSC_1913,3132,1773,100
94,DSC_1914,3350,1755,86
95,DSC_1915,3740,1796,101
96,DSC_1916,4183,1812,80
97,DSC_1919,3938,1708,81
98,DSC_1920,3733,1696,99
99,DSC_1921,3216,1627,96
100,DSC_1922,3033,1623,104
101,DSC_1923,2633,1626,102
102,DSC_1924,2284,1624,101
103,DSC_1925,1776,1619,83
104,DSC_1926,1361,1710,100
105,DSC_1927,915,1770,98
106,DSC_1928,439,1807,79
107,DSC_1929,78,1822,78
108,DSC_1937,88,2654,88
109,DSC_1938,197,2666,106
110,DSC_1939,311,2678,111
111,DSC_1940,444,2687,107
112,DSC_1941,581,2692,107
113,DSC_1942,711,2688,108
114,DSC_1943,852,2687,120
115,DSC_1944,1298,2688,108
116,DSC_1945,1511,2706,109
117,DSC_1946,1731,2702,91
118,DSC_1947,2213,2715,110
119,DSC_1948,2471,2714,108
120,DSC_1949,2744,2712,88
121,DSC_1950,3015,2739,105
122,DSC_1951,3290,2737,106
123,DSC_1952,3515,2729,114
124,DSC_1953,3824,2707,93
125,DSC_1954,3773,2728,115
126,DSC_1955,3336,2697,111
127,DSC_1956,2621,2712,107
128,DSC_1957,1964,2689,104
129,DSC_1958,1122,2711,119
130,DSC_1959,337,2686,95
0,DSC_0001,4012,1492,62
1,DSC_0002,3976,1413,68
2,DSC_0003,3941,1103,73
3,DSC_0004,3939,1019,64
4,DSC_0005,3958,836,73
5,DSC_0006,3968,796,74
6,DSC_0007,4013,671,70
7,DSC_0008,4015,635,73
8,DSC_0009,3961,517,70
9,DSC_0010,3929,469,65
10,DSC_0011,3867,370,66
11,DSC_0012,3787,247,67
12,DSC_0015,3811,252,69
13,DSC_0016,4042,921,64
14,DSC_0017,4089,1045,70
15,DSC_0018,4193,1722,67
16,DSC_0019,4092,2282,84
17,DSC_0024,102,1738,81
18,DSC_0025,171,1685,80
19,DSC_0026,293,1517,75
20,DSC_0027,350,1357,73
21,DSC_0028,381,1190,74
22,DSC_0029,421,985,73
23,DSC_0030,462,883,74
24,DSC_0031,498,745,64
25,DSC_0032,498,638,68
26,DSC_0033,493,449,71
27,DSC_0034,482,389,72
28,DSC_0035,480,320,67
29,DSC_0036,495,298,68
30,DSC_0037,566,253,73
31,DSC_0039,432,64,64
32,DSC_0040,311,653,75
33,DSC_0041,192,1129,80
34,DSC_0042,209,1271,78
35,DSC_0043,223,1413,64
36,DSC_0044,157,1951,83
37,DSC_0045,103,2136,81
38,DSC_0049,1291,2589,74
39,DSC_0050,1244,2265,73
40,DSC_0051,1081,1933,71
41,DSC_0052,1193,1726,82
42,DSC_0053,1309,1599,69
43,DSC_0054,1374,1480,78
44,DSC_0055,1395,1348,66
45,DSC_0056,1374,1193,71
46,DSC_0057,1366,1073,74
47,DSC_0058,1375,981,61
48,DSC_0059,1395,897,72
49,DSC_0060,1425,778,74
50,DSC_0061,1462,616,72
51,DSC_0062,1435,474,65
52,DSC_0063,1393,310,64
53,DSC_0064,1404,202,68
54,DSC_0066,1430,69,68
55,DSC_0067,1222,542,72
56,DSC_0068,1338,698,71
57,DSC_0069,1473,749,74
58,DSC_0070,1445,509,71
59,DSC_0071,1447,443,71
60,DSC_0072,1545,379,73
61,DSC_0073,1576,339,60
62,DSC_0074,1685,386,70
63,DSC_0075,1707,354,67
64,DSC_0076,1570,704,74
65,DSC_0077,1601,970,73
66,DSC_0078,1638,1111,79
67,DSC_0079,1639,1262,77
68,DSC_0080,1598,1484,75
69,DSC_0081,1564,1663,76
70,DSC_0082,1328,2562,82
71,DSC_9952,2961,2730,72
72,DSC_9953,2955,2493,70
73,DSC_9954,2953,2309,74
74,DSC_9955,2956,2172,83
75,DSC_9956,2960,2057,71
76,DSC_9957,2973,1977,82
77,DSC_9958,3020,1792,63
78,DSC_9959,3036,1763,81
79,DSC_9960,3040,1720,76
80,DSC_9961,3009,1591,63
81,DSC_9962,2987,1509,74
82,DSC_9963,2964,1404,59
83,DSC_9964,2944,1308,59
84,DSC_9965,2933,1199,56
85,DSC_9966,2925,1096,75
86,DSC_9967,2918,971,68
87,DSC_9968,2916,862,74
88,DSC_9969,2891,625,70
89,DSC_9970,2884,578,71
90,DSC_9971,2772,308,68
91,DSC_9972,2775,303,67
92,DSC_9984,4212,1399,71
93,DSC_9985,4196,1253,74
94,DSC_9986,4146,1131,77
95,DSC_9987,4062,1044,68
96,DSC_9988,3966,986,64
97,DSC_9989,3967,876,76
98,DSC_9990,4038,763,77
99,DSC_9991,4034,1014,60
100,DSC_9998,4127,1738,71
101,DSC_9999,4087,1663,72
0,DSC_1024,207,500,122
1,DSC_1025,665,504,149
2,DSC_1026,907,494,118
3,DSC_1027,1136,524,115
4,DSC_1028,1357,547,110
5,DSC_1029,1565,570,109
6,DSC_1030,1754,595,118
7,DSC_1031,1925,643,136
8,DSC_1032,2108,655,108
9,DSC_1033,2280,674,108
10,DSC_1034,2450,679,103
11,DSC_1035,2610,690,104
12,DSC_1036,2752,692,100
13,DSC_1037,2880,697,100
14,DSC_1038,3126,684,98
15,DSC_1039,3249,669,100
16,DSC_1040,3391,650,97
17,DSC_1041,3548,638,102
18,DSC_1042,4035,558,88
19,DSC_1047,119,191,115
20,DSC_1048,292,187,115
21,DSC_1049,702,192,110
22,DSC_1050,869,207,109
23,DSC_1051,1045,212,105
24,DSC_1052,1226,211,105
25,DSC_1053,1581,215,104
26,DSC_1054,1773,224,104
27,DSC_1055,1972,231,100
28,DSC_1056,2179,255,107
29,DSC_1057,2385,262,98
30,DSC_1058,2597,272,94
31,DSC_1059,2794,291,94
32,DSC_1060,3177,330,91
33,DSC_1061,3350,327,90
34,DSC_1062,3518,325,93
35,DSC_1063,3672,317,89
36,DSC_1064,3946,326,86
37,DSC_1065,4051,330,84
38,DSC_1066,4137,351,87
39,DSC_1067,4193,383,90
40,DSC_1069,4163,851,103
41,DSC_1070,3935,916,94
42,DSC_1071,3590,830,97
43,DSC_1072,3444,572,92
44,DSC_1073,2880,754,92
45,DSC_1074,2611,1044,88
46,DSC_1083,3499,1538,210
47,DSC_1084,3839,1489,201
48,DSC_1085,4117,1453,166
49,DSC_1108,217,2664,180
50,DSC_1109,250,2539,156
51,DSC_1110,271,2432,146
52,DSC_1111,281,2339,132
53,DSC_1112,301,2280,127
54,DSC_1113,360,2254,126
55,DSC_1114,508,2192,105
0,DSC_9703,170,2098,75
1,DSC_9704,460,2131,66
2,DSC_9705,585,2133,66
3,DSC_9706,694,2141,79
4,DSC_9707,1021,2081,61
5,DSC_9708,1183,2071,61
6,DSC_9709,1481,2122,81
7,DSC_9710,1543,2130,67
8,DSC_9711,1666,2102,83
9,DSC_9712,1796,2069,70
10,DSC_9713,1936,2079,71
11,DSC_9714,2055,2233,83
12,DSC_9715,1458,2563,87
13,DSC_9716,1038,2461,76
14,DSC_9717,610,2012,75
15,DSC_9723,139,1383,65
16,DSC_9724,232,1377,65
17,DSC_9725,316,1353,75
18,DSC_9726,406,1351,64
19,DSC_9727,503,1335,64
20,DSC_9728,910,1331,70
21,DSC_9729,991,1328,63
22,DSC_9730,1081,1338,62
23,DSC_9731,1169,1353,64
24,DSC_9732,1280,1367,61
25,DSC_9733,1396,1383,62
26,DSC_9735,1739,1441,65
27,DSC_9736,1801,1556,64
28,DSC_9737,1838,1717,85
29,DSC_9738,1766,1850,71
30,DSC_9739,1587,2020,67
31,DSC_9740,1407,2209,85
32,DSC_9741,1273,2367,91
33,DSC_9742,1138,2604,71
34,DSC_9743,1243,2774,69
35,DSC_9744,1198,2776,67
36,DSC_9748,175,912,82
37,DSC_9749,285,873,80
38,DSC_9751,502,909,74
39,DSC_9752,607,957,77
40,DSC_9753,694,981,74
41,DSC_9754,769,987,74
42,DSC_9755,1085,944,62
43,DSC_9756,1232,921,63
44,DSC_9757,1449,886,63
45,DSC_9758,1551,895,76
46,DSC_9759,1629,891,79
47,DSC_9760,1704,893,77
48,DSC_9764,1748,959,63
49,DSC_9765,2054,949,81
50,DSC_9766,2037,941,66
51,DSC_9767,1506,873,82
52,DSC_9768,1491,762,83
53,DSC_9769,1673,849,86
54,DSC_9770,2008,880,87
55,DSC_9771,1954,873,86
56,DSC_9772,1166,857,71
57,DSC_9773,615,890,79
58,DSC_9774,495,935,65
59,DSC_9775,313,952,65
60,DSC_9776,142,964,69
61,DSC_9779,3696,2764,80
62,DSC_9780,3509,2376,101
63,DSC_9781,3585,2336,87
64,DSC_9782,3663,2327,82
65,DSC_9783,3756,2254,84
66,DSC_9784,3721,2168,82
67,DSC_9785,3659,1981,84
68,DSC_9786,3693,1750,85
69,DSC_9787,3830,1512,85
70,DSC_9788,3880,1395,83
71,DSC_9789,3749,1212,82
72,DSC_9790,3734,1093,103
73,DSC_9791,3772,924,82
74,DSC_9792,3645,640,107
75,DSC_9793,3685,894,107
76,DSC_9794,3626,1172,85
77,DSC_9795,3691,1314,83
78,DSC_9796,3669,1425,84
79,DSC_9797,3603,1547,88
80,DSC_9798,3528,1674,95
81,DSC_9799,3495,1800,93
82,DSC_9800,3474,1923,96
83,DSC_9801,3505,2130,90
84,DSC_9802,3599,2480,94
85,DSC_9803,3673,2758,85
86,DSC_9806,3989,2749,87
87,DSC_9807,3978,2599,87
88,DSC_9808,3926,2465,90
89,DSC_9809,3912,2341,84
90,DSC_9810,3838,2256,81
91,DSC_9811,3657,2189,80
92,DSC_9812,3650,2124,77
93,DSC_9813,3692,1983,85
94,DSC_9814,3734,1831,85
95,DSC_9815,3865,1635,82
96,DSC_9816,3983,1471,83
97,DSC_9817,4007,1323,84
98,DSC_9818,4014,1189,82
99,DSC_9819,4018,1088,106
100,DSC_9820,3975,956,81
101,DSC_9821,3877,909,83
102,DSC_9822,3738,880,101
103,DSC_9823,3700,766,77
104,DSC_9824,3729,693,99
105,DSC_9825,3734,624,100
106,DSC_9826,3719,538,79
107,DSC_9827,3677,530,78
108,DSC_9828,3609,628,98
109,DSC_9829,3658,659,76
110,DSC_9830,3810,734,78
111,DSC_9831,3981,833,105
112,DSC_9832,4046,908,87
113,DSC_9833,4082,1022,95
114,DSC_9834,4076,1093,86
115,DSC_9835,4049,1163,85
116,DSC_9836,4123,1344,88
117,DSC_9837,4082,1635,83
118,DSC_9838,4003,1900,81
119,DSC_9839,3874,2202,83
120,DSC_9840,3824,2443,88
121,DSC_9843,2776,2710,66
122,DSC_9844,2835,2681,77
123,DSC_9845,2920,2563,76
124,DSC_9846,3003,2408,81
125,DSC_9847,2998,2288,73
126,DSC_9848,2877,2168,70
127,DSC_9849,2840,2124,70
128,DSC_9850,2779,2004,73
129,DSC_9851,2685,1852,70
130,DSC_9852,2611,1644,86
131,DSC_9853,2592,1491,82
132,DSC_9854,2751,1401,65
133,DSC_9855,2900,1315,67
134,DSC_9856,2832,1197,67
135,DSC_9857,2807,1138,84
136,DSC_9858,2778,978,77
137,DSC_9859,2780,913,82
138,DSC_9860,2728,779,67
139,DSC_9861,2693,803,79
140,DSC_9862,2619,936,86
141,DSC_9863,2603,1039,83
142,DSC_9864,2711,1284,67
143,DSC_9865,2790,1422,84
144,DSC_9866,2855,1661,73
145,DSC_9867,2848,1758,66
146,DSC_9868,2839,2131,74
147,DSC_9869,2873,2218,74
148,DSC_9870,2841,2458,83
149,DSC_9871,2781,2565,85
150,DSC_9872,3322,2615,67
151,DSC_9873,3356,2585,72
152,DSC_9874,3446,2468,66
153,DSC_9875,3414,2417,66
154,DSC_9876,3344,2331,71
155,DSC_9877,3310,2238,71
156,DSC_9878,3342,2137,58
157,DSC_9879,3377,2067,72
158,DSC_9880,3356,1966,73
159,DSC_9881,3286,1798,58
160,DSC_9882,3240,1713,63
161,DSC_9883,3218,1587,63
162,DSC_9884,3240,1488,72
163,DSC_9885,3246,1394,61
164,DSC_9886,3263,1307,60
165,DSC_9887,3312,1188,55
166,DSC_9888,3331,1098,57
167,DSC_9889,3332,1034,59
168,DSC_9890,3295,982,65
169,DSC_9891,3275,892,56
170,DSC_9892,3267,885,61
171,DSC_9893,3252,1015,63
172,DSC_9894,3246,1257,69
173,DSC_9895,3263,1375,58
174,DSC_9896,3346,1539,59
175,DSC_9897,3355,1617,62
176,DSC_9898,3329,1690,63
177,DSC_9899,3329,1771,56
178,DSC_9900,3335,1856,57
179,DSC_9901,3349,1940,67
180,DSC_9902,3373,2003,70
181,DSC_9903,3363,2110,56
182,DSC_9904,3360,2233,68
183,DSC_9905,3362,2361,70
184,DSC_9906,3359,2484,69
185,DSC_9907,3318,2598,70
186,DSC_9908,445,1356,85
187,DSC_9909,414,910,85
188,DSC_9916,1155,260,75
189,DSC_9918,1292,1015,45
190,DSC_9923,1296,996,47
191,DSC_9925,1231,986,48
192,DSC_9931,1178,328,99
0,DSC_1135,4098,591,152
1,DSC_1136,3957,621,150
2,DSC_1137,3823,635,147
3,DSC_1138,3502,660,141
4,DSC_1139,3383,662,137
5,DSC_1140,3247,671,135
6,DSC_1141,3096,694,136
7,DSC_1142,2934,719,128
8,DSC_1143,2765,742,124
9,DSC_1144,2575,740,122
10,DSC_1145,2367,725,122
11,DSC_1146,2156,712,118
12,DSC_1147,1954,700,114
13,DSC_1148,1767,697,108
14,DSC_1149,1595,700,106
15,DSC_1150,1450,692,102
16,DSC_1151,1332,687,101
17,DSC_1152,1240,683,99
18,DSC_1153,1165,682,98
19,DSC_1154,1007,673,90
20,DSC_1155,958,705,92
21,DSC_1156,1192,746,93
22,DSC_1157,1597,697,100
23,DSC_1158,1822,608,109
24,DSC_1159,2004,595,110
25,DSC_1160,2269,612,116
26,DSC_1161,2915,610,129
27,DSC_1162,3578,564,144
28,DSC_1172,3619,2665,178
29,DSC_1173,3425,2609,185
30,DSC_1174,3252,2561,187
31,DSC_1175,3093,2536,187
32,DSC_1176,2966,2518,184
33,DSC_1177,2732,2466,180
34,DSC_1178,2554,2452,176
35,DSC_1179,2359,2451,170
36,DSC_1180,2171,2452,168
37,DSC_1181,1976,2431,161
38,DSC_1182,1824,2409,157
39,DSC_1183,1663,2367,149
40,DSC_1184,1505,2311,148
41,DSC_1185,1342,2240,142
42,DSC_1186,1167,2171,132
43,DSC_1187,995,2137,127
44,DSC_1188,833,2154,130
45,DSC_1189,543,2249,120
46,DSC_1192,2395,2679,125
47,DSC_1195,1941,1927,153
48,DSC_1196,1044,1747,127
49,DSC_1198,611,1623,102
50,DSC_1199,750,2173,95
51,DSC_1200,650,2199,97
52,DSC_1201,2117,2671,145
0,DSC_9414,302,1914,135
1,DSC_9415,641,1856,117
2,DSC_9416,872,1848,110
3,DSC_9417,1058,1853,102
4,DSC_9418,1201,1895,92
5,DSC_9419,1370,1956,82
6,DSC_9420,1495,1978,76
7,DSC_9421,1663,1952,69
8,DSC_9422,1776,1915,60
9,DSC_9423,1820,1873,57
10,DSC_9424,1846,1830,59
11,DSC_9425,1908,1786,54
12,DSC_9426,2036,1736,54
13,DSC_9427,2183,1730,49
14,DSC_9428,2292,1715,46
15,DSC_9429,2315,1687,45
16,DSC_9430,2284,1658,41
17,DSC_9431,2323,1661,46
18,DSC_9432,2355,1675,46
19,DSC_9433,2411,1700,48
20,DSC_9434,2415,1736,50
21,DSC_9435,2218,1777,54
22,DSC_9436,2077,1773,54
23,DSC_9444,1012,2622,117
24,DSC_9445,1114,2522,106
25,DSC_9446,1228,2457,99
26,DSC_9447,1374,2391,89
27,DSC_9448,1451,2348,82
28,DSC_9449,1531,2301,77
29,DSC_9450,1622,2229,69
30,DSC_9451,1665,2183,66
31,DSC_9452,1729,2143,63
32,DSC_9453,1828,2079,59
33,DSC_9454,1839,2052,57
34,DSC_9455,1857,2040,56
35,DSC_9456,1909,2056,56
36,DSC_9457,1994,2084,49
37,DSC_9458,2083,2123,52
38,DSC_9459,2099,2142,52
39,DSC_9460,1954,2145,55
40,DSC_9461,2073,1991,60
41,DSC_9462,1982,2035,51
42,DSC_9463,2008,2093,50
43,DSC_9464,1962,2181,52
44,DSC_9465,2110,2307,56
45,DSC_9466,2737,2459,54
46,DSC_9467,1866,2618,73
47,DSC_9468,1866,2618,73
48,DSC_9469,1935,2403,66
49,DSC_9470,2036,2299,65
50,DSC_9471,2146,2233,61
51,DSC_9472,2233,2225,63
52,DSC_9473,2300,2215,59
53,DSC_9474,2337,2205,54
54,DSC_9475,2311,2205,51
55,DSC_9476,2311,2199,47
56,DSC_9477,2310,2190,45
57,DSC_9478,2328,2176,45
58,DSC_9479,2347,2160,45
59,DSC_9480,2362,2140,43
60,DSC_9481,2386,2115,40
61,DSC_9482,2432,2096,44
62,DSC_9483,2476,2072,44
63,DSC_9484,2527,2019,37
64,DSC_9485,2533,2001,37
65,DSC_9486,2539,1985,37
66,DSC_9487,2554,1975,41
67,DSC_9488,2578,1944,38
68,DSC_9489,2589,1921,38
69,DSC_9490,2621,1906,37
70,DSC_9491,2637,1897,37
71,DSC_9492,2643,1891,35
72,DSC_9493,2649,1882,33
73,DSC_9494,2672,1869,32
74,DSC_9495,2634,1895,33
75,DSC_9496,2733,1958,34
76,DSC_9497,2715,1946,36
77,DSC_9498,2693,1897,36
78,DSC_9499,2560,1778,34
79,DSC_9500,2550,1710,38
80,DSC_9501,2537,1662,40
81,DSC_9502,2524,1652,39
82,DSC_9503,2480,1695,40
83,DSC_9504,2510,1924,41
84,DSC_9505,2594,2064,44
85,DSC_9506,2465,2135,43
86,DSC_9507,2405,2121,40
87,DSC_9508,2480,2156,48
88,DSC_9509,2242,1944,52
89,DSC_9510,2234,1890,56
90,DSC_9511,2492,2074,58
91,DSC_9512,2665,2229,60
92,DSC_9513,2910,2396,65
0,DSC_1207,836,2719,125
1,DSC_1208,726,2569,152
2,DSC_1209,784,2469,150
3,DSC_1210,795,2222,128
4,DSC_1211,777,1990,126
5,DSC_1212,731,1736,126
6,DSC_1213,687,1506,129
7,DSC_1214,642,1311,128
8,DSC_1215,592,1135,128
9,DSC_1216,566,987,130
10,DSC_1217,564,869,128
11,DSC_1218,576,772,124
12,DSC_1219,594,706,121
13,DSC_1220,626,660,120
14,DSC_1221,657,624,117
15,DSC_1222,686,579,118
16,DSC_1223,696,532,113
17,DSC_1224,735,369,111
18,DSC_1225,704,104,104
19,DSC_1229,562,148,123
20,DSC_1230,581,416,120
21,DSC_1231,595,1030,124
22,DSC_1232,634,1899,118
23,DSC_1233,628,2751,93
24,DSC_1234,1518,2594,114
25,DSC_1235,1524,2598,124
26,DSC_1236,1540,2601,114
27,DSC_1238,1524,2647,105
28,DSC_1239,1457,2702,134
29,DSC_1240,1432,2672,142
30,DSC_1241,1534,2546,120
31,DSC_1242,1548,2527,118
32,DSC_1243,1477,2419,118
33,DSC_1244,1429,2367,118
34,DSC_1245,1449,2326,138
35,DSC_1246,1505,2248,122
36,DSC_1247,1538,2265,112
37,DSC_1248,1551,2320,109
38,DSC_1249,1471,2698,146
39,DSC_1250,1587,2578,143
40,DSC_1251,1651,2337,147
41,DSC_1252,1650,2031,115
42,DSC_1253,1414,2190,141
43,DSC_1254,1315,1470,155
44,DSC_1255,1471,1119,115
45,DSC_1256,1377,907,116
46,DSC_1257,1358,808,113
47,DSC_1258,1356,704,114
48,DSC_1259,1378,591,111
49,DSC_1260,1406,477,111
50,DSC_1261,1427,358,112
51,DSC_1262,1451,246,119
52,DSC_1263,1462,136,109
53,DSC_1274,1757,147,105
54,DSC_1275,1729,332,105
55,DSC_1276,1705,531,106
56,DSC_1277,1669,782,103
57,DSC_1278,1643,1053,103
58,DSC_1279,1610,1303,101
59,DSC_1280,1575,1824,105
60,DSC_1281,1549,2506,107
61,DSC_1282,3140,2043,104
62,DSC_1283,3148,2042,106
63,DSC_1284,3150,1959,106
64,DSC_1285,3155,1903,109
65,DSC_1286,3056,1777,105
66,DSC_1287,3046,1656,108
67,DSC_1288,3053,1520,108
68,DSC_1289,3071,1378,103
69,DSC_1290,3092,1240,105
70,DSC_1291,3107,1113,106
71,DSC_1292,3123,987,109
72,DSC_1293,3144,856,108
73,DSC_1294,3168,730,111
74,DSC_1295,3191,595,109
75,DSC_1296,3217,444,119
76,DSC_1297,3226,314,114
77,DSC_1298,3235,165,113
78,DSC_1303,3270,83,83
79,DSC_1304,3432,387,119
80,DSC_1305,3600,927,123
81,DSC_1306,3642,1266,126
82,DSC_1307,3661,1584,127
83,DSC_1308,3646,1923,161
84,DSC_1310,4067,1836,105
85,DSC_1311,4175,1703,108
86,DSC_1313,4183,1072,101
87,DSC_1314,3913,1276,105
88,DSC_1315,3960,1152,102
89,DSC_1316,3930,993,100
90,DSC_1317,3934,921,102
91,DSC_1318,3929,844,110
92,DSC_1319,3905,735,102
93,DSC_1320,3878,621,102
94,DSC_1321,3878,504,102
95,DSC_1322,3900,394,103
96,DSC_1323,3920,311,105
97,DSC_1324,3934,259,103
98,DSC_1325,3945,261,103
99,DSC_1326,3870,452,109
100,DSC_1327,3057,999,116
101,DSC_1328,2882,1140,116
102,DSC_1329,2759,1259,112
103,DSC_1330,2658,1362,110
104,DSC_1331,2579,1474,111
105,DSC_1332,2530,1575,110
106,DSC_1333,2484,1652,110
107,DSC_1334,2240,1713,105
108,DSC_1335,2172,1704,104
109,DSC_1336,2130,1667,99
110,DSC_1337,2133,1611,104
111,DSC_1338,2179,1513,105
112,DSC_1339,2255,1383,107
113,DSC_1340,2370,1174,105
114,DSC_1341,2500,733,104
115,DSC_1342,2410,614,105
116,DSC_1343,2294,669,103
117,DSC_1344,2242,717,116
118,DSC_1345,2671,970,128
119,DSC_1346,2938,1313,132
120,DSC_1347,3200,1699,134
121,DSC_1348,3290,2170,119
122,DSC_1351,289,1540,121
0,DSC_1995,81,2223,81
1,DSC_1997,262,2143,105
2,DSC_1998,434,2104,99
3,DSC_1999,631,2089,103
4,DSC_2000,831,2043,100
5,DSC_2001,1025,2047,104
6,DSC_2002,1391,2039,105
7,DSC_2003,1519,2012,106
8,DSC_2004,1653,1980,101
9,DSC_2005,1798,1987,102
10,DSC_2006,2221,2030,101
11,DSC_2007,2389,2056,97
12,DSC_2008,2538,2073,100
13,DSC_2009,2667,2070,99
14,DSC_2010,2850,2047,97
15,DSC_2011,2984,2038,96
16,DSC_2012,3098,2020,98
17,DSC_2013,3218,1992,96
18,DSC_2014,3354,1964,94
19,DSC_2015,3526,1953,94
20,DSC_2016,3724,1967,95
21,DSC_2017,3916,2023,97
22,DSC_2018,4076,2111,95
23,DSC_2019,4208,2167,76
24,DSC_2022,154,2706,111
25,DSC_2023,411,2714,111
26,DSC_2024,536,2737,106
27,DSC_2025,665,2753,90
28,DSC_2026,791,2755,89
29,DSC_2027,906,2753,91
30,DSC_2028,1195,2749,95
31,DSC_2029,1320,2742,101
32,DSC_2030,1436,2741,103
33,DSC_2031,1543,2740,103
34,DSC_2032,1655,2746,98
35,DSC_2033,1787,2748,96
36,DSC_2034,1949,2754,90
37,DSC_2035,2145,2757,87
38,DSC_2036,2356,2757,87
39,DSC_2037,2582,2763,81
40,DSC_2038,2815,2766,78
41,DSC_2039,3040,2766,78
42,DSC_2040,3247,2761,83
43,DSC_2041,3445,2748,95
44,DSC_2042,3627,2728,114
45,DSC_2043,3822,2685,113
46,DSC_2044,4046,2669,114
47,DSC_2048,103,1512,101
48,DSC_2049,574,1786,104
49,DSC_2050,1113,1791,104
50,DSC_2051,1383,1722,103
51,DSC_2052,1666,1749,114
52,DSC_2053,1994,1748,110
53,DSC_2054,2347,1763,112
54,DSC_2055,2642,1765,107
55,DSC_2056,2889,1761,102
56,DSC_2057,3128,1741,103
57,DSC_2058,3371,1723,102
58,DSC_2059,3645,1721,96
59,DSC_2060,3311,1598,97
60,DSC_2061,3037,1651,96
61,DSC_2062,2811,1639,101
62,DSC_2063,2629,1595,96
63,DSC_2064,2457,1568,107
64,DSC_2065,2306,1564,99
65,DSC_2066,2052,1634,101
66,DSC_2067,1812,1670,99
67,DSC_2068,1562,1746,128
68,DSC_2069,1244,1757,102
69,DSC_2070,937,1733,101
70,DSC_2071,673,1730,100
71,DSC_2074,269,470,100
72,DSC_2075,568,468,102
73,DSC_2076,749,467,111
74,DSC_2077,958,470,111
75,DSC_2078,1175,482,118
76,DSC_2079,1404,472,110
77,DSC_2080,1631,474,115
78,DSC_2081,1849,466,112
79,DSC_2082,2056,450,107
80,DSC_2083,2260,448,108
81,DSC_2084,2451,484,135
82,DSC_2085,2727,464,106
83,DSC_2086,2871,461,104
84,DSC_2087,3007,455,101
85,DSC_2088,3140,449,99
86,DSC_2089,3284,461,103
87,DSC_2090,3445,469,104
88,DSC_2091,3608,472,99
89,DSC_2100,3566,513,104
90,DSC_2101,3333,539,106
91,DSC_2102,3080,567,106
92,DSC_2103,2693,636,135
93,DSC_2104,1757,768,109
94,DSC_2105,1053,937,109
95,DSC_2106,528,1122,95
96,DSC_2107,406,1315,93
97,DSC_2108,194,1509,97
98,DSC_2109,252,1281,93
99,DSC_2110,312,1243,93
100,DSC_2111,387,1225,94
101,DSC_2112,412,1196,94
102,DSC_2113,531,1148,93
103,DSC_2114,576,1137,96
104,DSC_2115,626,1124,95
105,DSC_2116,752,1115,95
106,DSC_2117,821,1115,92
107,DSC_2118,1079,1140,99
108,DSC_2119,1201,1137,97
109,DSC_2120,1343,1129,97
110,DSC_2121,1497,1122,98
111,DSC_2122,1664,1127,99
112,DSC_2123,1811,1157,101
113,DSC_2124,1933,1179,100
114,DSC_2125,2049,1192,93
115,DSC_2126,2328,1244,97
116,DSC_2127,2464,1275,98
117,DSC_2128,2568,1304,96
118,DSC_2129,2652,1336,94
119,DSC_2130,2853,1393,93
120,DSC_2131,2991,1432,95
121,DSC_2132,3138,1458,97
122,DSC_2133,3270,1461,94
123,DSC_2134,3402,1459,93
124,DSC_2135,3537,1446,92
125,DSC_2136,3811,1316,88
126,DSC_2137,3819,1271,87
127,DSC_2138,3694,1196,89
128,DSC_2139,3522,1205,90
129,DSC_2140,3344,1246,94
130,DSC_2141,3110,1320,127
131,DSC_2142,2823,1183,98
132,DSC_2143,2819,1121,96
133,DSC_2144,2894,1096,93
134,DSC_2145,2712,1197,91
135,DSC_2146,2577,1251,91
136,DSC_2147,2370,1314,97
137,DSC_2148,2290,1412,95
138,DSC_2149,2316,1208,102
139,DSC_2150,2120,1047,97
140,DSC_2151,1863,1105,100
141,DSC_2152,1648,1184,98
142,DSC_2153,1105,1274,100
143,DSC_2154,736,1466,120
144,DSC_2155,170,1680,101
145,DSC_2156,94,1835,94
146,DSC_2158,2240,2771,73
147,DSC_2159,3257,2765,78
0,DSC_7991,3520,1819,49
1,DSC_7992,3540,1848,53
2,DSC_7993,3552,1869,47
3,DSC_7994,3570,2022,47
4,DSC_8018,3533,1391,69
5,DSC_8019,3591,1467,68
6,DSC_8020,3628,1513,46
7,DSC_8021,3629,1643,45
8,DSC_8022,3627,1795,46
9,DSC_8023,2715,2007,55
10,DSC_8024,3525,2268,51
11,DSC_8049,845,2053,55
12,DSC_8050,847,2081,47
13,DSC_8051,810,2173,52
14,DSC_8054,510,1960,46
15,DSC_8055,512,1958,45
16,DSC_8056,555,1938,44
17,DSC_8057,583,1907,44
18,DSC_8058,608,1915,41
19,DSC_8059,627,1927,45
20,DSC_8060,640,1885,39
21,DSC_8061,641,1839,35
22,DSC_8062,632,1806,38
23,DSC_8063,619,1785,44
24,DSC_8064,577,1755,38
25,DSC_8065,338,1726,303
26,DSC_8066,249,1718,50
27,DSC_8067,168,1714,43
28,DSC_8068,1668,1631,51
29,DSC_8069,1815,1643,51
30,DSC_8070,1934,1668,51
31,DSC_8071,2028,1698,50
32,DSC_8072,1685,1579,997
33,DSC_8073,2126,1792,49
34,DSC_8074,355,1936,46
35,DSC_8075,390,1927,43
36,DSC_8076,460,1896,39
37,DSC_8077,467,1874,63
38,DSC_8078,551,1844,41
39,DSC_8079,574,1838,39
40,DSC_8080,587,1833,40
41,DSC_8081,599,1833,41
42,DSC_8082,517,1677,65
43,DSC_8083,641,1620,45
44,DSC_8084,727,1606,42
45,DSC_8085,836,1593,37
46,DSC_8086,954,1588,44
47,DSC_8087,1086,1579,46
48,DSC_8088,1234,1579,46
49,DSC_8089,1389,1585,47
50,DSC_8090,1544,1593,47
51,DSC_8091,1694,1601,48
52,DSC_8092,1840,1617,50
53,DSC_8093,1984,1637,48
54,DSC_8094,2119,1667,51
55,DSC_8095,2242,1703,52
56,DSC_8096,2348,1744,52
57,DSC_8097,2418,1796,49
58,DSC_8098,2473,1865,51
59,DSC_8099,376,1933,43
60,DSC_8100,454,1897,39
61,DSC_8101,484,1878,38
62,DSC_8102,552,1813,47
63,DSC_8103,552,1754,47
64,DSC_8104,458,1719,39
65,DSC_8105,375,1719,35
66,DSC_8106,462,1703,41
67,DSC_8107,526,1697,46
68,DSC_8108,626,1683,41
69,DSC_8109,776,1668,43
70,DSC_8110,890,1668,50
71,DSC_8111,1041,1614,52
72,DSC_8112,1190,1643,44
73,DSC_8113,1339,1684,57
74,DSC_8114,1477,1662,58
75,DSC_8115,1555,1646,57
76,DSC_8116,1539,1644,62
77,DSC_8117,1578,1698,63
78,DSC_8118,1720,1712,67
79,DSC_8119,1780,1706,64
80,DSC_8120,1768,1609,934
81,DSC_8121,1908,1697,66
82,DSC_8122,1966,1703,67
83,DSC_8123,2022,1709,67
84,DSC_8124,2077,1713,68
85,DSC_8125,2110,1724,67
86,DSC_8126,2116,1735,68
87,DSC_8127,2091,1747,66
88,DSC_8128,2110,1976,56
89,DSC_8132,778,2775,69
90,DSC_8133,761,2754,89
91,DSC_8134,803,2708,86
92,DSC_8135,849,2694,84
93,DSC_8139,929,2556,75
94,DSC_8140,933,2513,76
95,DSC_8141,905,2517,83
96,DSC_8142,865,2516,79
97,DSC_8143,830,2516,79
98,DSC_8144,785,2506,81
99,DSC_8145,756,2493,81
100,DSC_8146,745,2478,70
101,DSC_8147,728,2471,65
102,DSC_8148,702,2476,68
103,DSC_8149,673,2475,65
104,DSC_8150,636,2480,61
105,DSC_8151,605,2482,60
106,DSC_8152,574,2485,64
107,DSC_8153,442,2441,61
108,DSC_8154,432,2418,57
109,DSC_8155,410,2390,55
110,DSC_8156,254,2318,49
111,DSC_8157,184,2315,50
112,DSC_8158,149,2317,47
0,DSC_8867,76,409,53
1,DSC_8868,156,391,59
2,DSC_8869,326,371,61
3,DSC_8870,414,360,59
4,DSC_8871,609,368,57
5,DSC_8872,687,373,59
6,DSC_8873,885,335,55
7,DSC_8874,967,303,51
8,DSC_8875,1113,272,60
9,DSC_8876,1205,268,58
10,DSC_8877,1335,268,59
11,DSC_8878,1429,273,59
12,DSC_8879,1548,288,47
13,DSC_8880,1639,328,57
14,DSC_8881,2009,319,61
15,DSC_8882,2184,315,54
16,DSC_8883,2632,324,61
17,DSC_8884,3208,274,62
18,DSC_8885,3660,252,60
19,DSC_8886,3999,274,49
20,DSC_8887,4150,290,63
21,DSC_8888,4044,310,44
22,DSC_8889,4006,406,61
23,DSC_8892,4119,2019,56
24,DSC_8897,384,1150,55
25,DSC_8898,522,1109,49
26,DSC_8899,746,1068,46
27,DSC_8900,851,1068,53
28,DSC_8901,1142,1033,42
29,DSC_8902,1294,1074,56
30,DSC_8903,1739,1106,42
31,DSC_8904,1898,1132,43
32,DSC_8905,2170,1163,44
33,DSC_8907,2424,1281,637
34,DSC_8909,2738,1236,52
35,DSC_8910,2858,1274,57
36,DSC_8911,2947,1290,54
37,DSC_8912,3358,1349,53
38,DSC_8913,3659,1399,49
39,DSC_8914,3952,1527,47
40,DSC_8920,342,1470,58
41,DSC_8921,397,1473,58
42,DSC_8923,657,1480,54
43,DSC_8925,864,1754,48
44,DSC_8926,833,1674,51
45,DSC_8928,1068,1750,50
46,DSC_8931,1073,1682,57
47,DSC_8933,1350,1486,59
48,DSC_8934,1481,1495,50
49,DSC_8936,1409,1716,59
50,DSC_8937,1398,1465,63
51,DSC_8939,2483,2023,59
52,DSC_8940,2494,2009,53
53,DSC_8941,2523,1895,60
54,DSC_8942,2547,1833,49
55,DSC_8943,2605,1822,61
56,DSC_8944,2598,1728,55
57,DSC_8945,2504,1716,51
58,DSC_8946,2410,1795,57
59,DSC_8947,2325,1884,45
60,DSC_8948,2444,1882,61
61,DSC_8949,2675,1652,49
62,DSC_8950,2664,1632,46
63,DSC_8951,2634,1532,45
64,DSC_8952,2773,1557,55
65,DSC_8953,2937,1550,57
66,DSC_8954,3135,1530,54
67,DSC_8955,3288,1518,43
68,DSC_8956,3400,1567,56
69,DSC_8957,3539,1608,57
70,DSC_8958,3658,1622,46
71,DSC_8959,3772,1636,57
72,DSC_8960,3897,1632,58
73,DSC_8970,3937,2214,80
74,DSC_8971,3738,2165,87
75,DSC_8972,3302,2176,84
76,DSC_8973,3109,2176,83
77,DSC_8974,2717,2184,71
78,DSC_8975,2506,2208,84
79,DSC_8976,2271,2207,75
80,DSC_8977,2056,2193,70
81,DSC_8978,1819,2164,70
82,DSC_8979,1527,2119,63
83,DSC_8980,1237,2107,62
84,DSC_8981,977,2123,68
85,DSC_8982,728,2169,70
86,DSC_8983,486,2229,82
0,DSC_0719,2178,1735,104
1,DSC_0720,2148,1664,100
2,DSC_0721,2080,1608,98
3,DSC_0722,2077,1571,96
4,DSC_0723,2210,1475,103
5,DSC_0724,2206,1360,108
6,DSC_0725,2190,1310,110
7,DSC_0726,2455,1498,106
8,DSC_0727,2636,1587,109
9,DSC_0728,2829,1507,105
10,DSC_0729,3010,1470,104
11,DSC_0730,3178,1455,101
12,DSC_0731,3335,1508,103
13,DSC_0732,3463,1552,99
14,DSC_0733,3590,1538,100
15,DSC_0734,3683,1547,97
16,DSC_0735,3706,1570,106
17,DSC_0736,3650,1491,108
18,DSC_0737,3499,1373,107
19,DSC_0738,3280,1260,109
20,DSC_0739,3040,1235,108
21,DSC_0740,2814,1267,107
22,DSC_0741,2610,1345,109
23,DSC_0742,2338,1352,109
24,DSC_0743,2055,1766,123
25,DSC_0744,1802,354,68
26,DSC_0745,1806,303,67
27,DSC_0746,1887,299,67
28,DSC_0747,1919,281,68
29,DSC_0748,1951,267,68
30,DSC_0749,2070,259,66
31,DSC_0750,2146,274,63
32,DSC_0751,2228,286,65
33,DSC_0752,2314,285,64
34,DSC_0753,2399,279,64
35,DSC_0754,2481,278,63
36,DSC_0755,2556,279,63
37,DSC_0756,2623,275,65
38,DSC_0757,2685,274,63
39,DSC_0758,2744,280,61
40,DSC_0759,2791,288,67
41,DSC_0760,2851,293,61
42,DSC_0761,2901,291,62
43,DSC_0762,2957,293,63
44,DSC_0763,3015,287,63
45,DSC_0764,3074,271,63
46,DSC_0765,3130,251,64
47,DSC_0766,3225,241,63
48,DSC_0767,3402,267,65
49,DSC_0768,3488,302,59
50,DSC_0769,3092,327,62
51,DSC_0770,3030,302,59
52,DSC_0771,2960,282,59
53,DSC_0772,2818,235,77
54,DSC_0773,2619,189,70
55,DSC_0774,2518,201,63
56,DSC_0775,2389,225,64
57,DSC_0776,2224,251,70
58,DSC_0777,2031,163,70
59,DSC_0778,1863,196,72
60,DSC_0803,270,392,151
61,DSC_0804,349,324,144
62,DSC_0805,423,287,136
63,DSC_0806,485,275,131
64,DSC_0807,538,290,124
65,DSC_0808,580,310,118
66,DSC_0809,610,314,114
67,DSC_0810,631,318,111
68,DSC_0811,673,329,105
69,DSC_0812,749,342,100
70,DSC_0813,823,359,97
71,DSC_0814,878,373,96
72,DSC_0815,913,361,93
73,DSC_0816,931,333,89
74,DSC_0817,930,328,88
75,DSC_0818,920,344,86
76,DSC_0819,925,363,85
77,DSC_0820,1020,358,84
78,DSC_0821,1096,151,80
0,DSC_6883,519,2659,89
1,DSC_6884,483,2672,73
2,DSC_6885,454,2694,69
3,DSC_6886,391,2724,80
4,DSC_6887,371,2726,78
5,DSC_6888,357,2726,75
6,DSC_6889,341,2713,76
7,DSC_6890,331,2682,65
8,DSC_6891,315,2671,72
9,DSC_6892,290,2670,70
10,DSC_6893,261,2681,56
11,DSC_6894,250,2689,51
12,DSC_6895,236,2723,64
13,DSC_6896,186,2760,55
14,DSC_6902,127,2759,57
15,DSC_6903,128,2757,57
16,DSC_6904,123,2758,61
17,DSC_6905,134,2747,60
18,DSC_6906,301,2625,66
19,DSC_6907,297,2489,51
20,DSC_6908,324,2392,52
21,DSC_6909,332,2362,58
22,DSC_6911,286,2362,103
23,DSC_6912,323,2405,49
24,DSC_6913,382,2421,54
25,DSC_6914,253,2604,55
26,DSC_6915,249,2667,70
27,DSC_6916,386,2671,80
28,DSC_6917,423,2625,80
29,DSC_6918,417,2475,70
30,DSC_6919,407,2428,68
31,DSC_6920,379,2348,66
32,DSC_6921,374,2357,65
33,DSC_6922,456,2554,71
34,DSC_6923,498,2608,79
35,DSC_6924,694,2752,92
36,DSC_6925,754,2756,88
37,DSC_6926,765,2553,77
38,DSC_6927,724,2469,81
39,DSC_6928,587,2252,80
40,DSC_6929,582,2217,67
41,DSC_6930,586,2197,66
42,DSC_6931,579,2207,64
43,DSC_6932,573,2207,70
44,DSC_6933,597,2194,82
45,DSC_6934,646,2123,75
46,DSC_6935,636,2122,78
47,DSC_6936,716,1963,88
48,DSC_6937,806,1936,78
49,DSC_6938,879,1909,83
50,DSC_6939,849,1892,96
51,DSC_6940,868,1827,91
52,DSC_6941,874,1793,87
53,DSC_6942,933,1698,104
54,DSC_6943,956,1675,108
55,DSC_6944,1120,1532,92
56,DSC_6945,1141,1496,100
57,DSC_6946,1348,1284,97
58,DSC_6947,1425,1192,106
59,DSC_6948,1716,1102,122
60,DSC_6949,1738,1114,146
61,DSC_6950,2023,926,138
62,DSC_6951,2056,874,161
63,DSC_6952,2322,759,177
64,DSC_6953,2457,745,182
65,DSC_6954,3174,886,208
66,DSC_6955,3156,863,205
67,DSC_6956,2863,834,189
68,DSC_6957,2831,882,189
69,DSC_6958,2767,1264,177
70,DSC_6959,2599,1384,180
71,DSC_6960,1938,1582,141
72,DSC_6961,1769,1619,130
73,DSC_6962,1012,2134,88
74,DSC_6963,936,2219,89
75,DSC_6964,793,2217,80
76,DSC_6965,722,2203,76
77,DSC_6966,505,2251,73
78,DSC_6967,482,2237,70
79,DSC_6968,374,2306,56
80,DSC_6969,361,2332,55
81,DSC_6970,330,2369,56
82,DSC_6971,320,2369,56
83,DSC_6972,251,2386,50
84,DSC_6973,245,2377,51
85,DSC_6974,344,2523,64
86,DSC_6975,352,2580,70
87,DSC_6976,423,2683,72
88,DSC_6977,394,2699,67
89,DSC_6980,609,2718,86
90,DSC_6981,637,2646,83
91,DSC_6982,643,2517,76
92,DSC_6983,684,2503,74
93,DSC_6984,941,2491,106
94,DSC_6985,973,2476,86
95,DSC_6986,1212,2320,99
96,DSC_6987,1212,2302,100
97,DSC_6988,1425,2121,117
98,DSC_6989,1550,2107,128
99,DSC_6990,2366,1869,143
100,DSC_6991,2507,1777,147
101,DSC_6992,2972,1515,173
102,DSC_6993,3008,1529,169
103,DSC_6994,1993,1868,133
104,DSC_6995,1713,2050,157
105,DSC_6996,1281,2369,99
106,DSC_6997,1158,2438,111
107,DSC_6998,713,2540,76
108,DSC_6999,615,2600,83
109,DSC_7000,435,2693,65
110,DSC_7001,391,2720,75
111,DSC_7002,248,2761,57
112,DSC_7003,219,2739,64
113,DSC_7004,94,2397,48
114,DSC_7005,57,2367,48
115,DSC_7008,218,2039,59
116,DSC_7009,218,2012,61
117,DSC_7010,214,1997,72
118,DSC_7011,207,1966,67
119,DSC_7012,209,1942,73
120,DSC_7013,218,1887,63
121,DSC_7014,194,1723,67
122,DSC_7015,205,1735,67
123,DSC_7016,408,1886,66
124,DSC_7017,482,1949,86
0,DSC_9073,380,2051,98
1,DSC_9074,504,2031,99
2,DSC_9075,632,2026,98
3,DSC_9076,753,2018,104
4,DSC_9077,867,1980,96
5,DSC_9078,1198,1883,107
6,DSC_9079,1320,1854,99
7,DSC_9080,1463,1842,98
8,DSC_9081,1620,1830,97
9,DSC_9082,2112,1818,103
10,DSC_9083,2347,1805,95
11,DSC_9084,2571,1801,96
12,DSC_9085,2753,1787,89
13,DSC_9086,2884,1779,91
14,DSC_9087,2963,1783,92
15,DSC_9088,2969,1835,90
16,DSC_9089,2981,1845,94
17,DSC_9090,1700,1758,96
18,DSC_9091,1494,1775,97
19,DSC_9092,1276,1803,100
20,DSC_9093,1053,1827,99
21,DSC_9094,823,1845,96
22,DSC_9095,593,1883,114
23,DSC_9100,700,1681,103
24,DSC_9101,1252,1694,108
25,DSC_9102,1515,1708,100
26,DSC_9103,1790,1753,122
27,DSC_9104,2072,1744,94
28,DSC_9105,2387,1797,95
29,DSC_9106,2698,1853,93
30,DSC_9107,2978,1889,91
31,DSC_9108,3275,1901,91
32,DSC_9109,3595,1906,113
33,DSC_9110,3970,1859,89
34,DSC_9117,3836,708,87
35,DSC_9118,3601,698,85
36,DSC_9119,3472,679,88
37,DSC_9120,3230,594,91
38,DSC_9121,3122,521,91
39,DSC_9122,3038,497,93
40,DSC_9123,2929,389,93
41,DSC_9124,2899,352,93
42,DSC_9125,2741,437,114
43,DSC_9126,2591,449,93
44,DSC_9127,2413,481,94
45,DSC_9128,2223,506,98
46,DSC_9129,2063,543,114
47,DSC_9130,1420,655,122
48,DSC_9131,1208,673,98
49,DSC_9132,1023,704,103
50,DSC_9133,837,744,124
51,DSC_9134,377,752,95
0,DSC_0937,4200,1804,84
1,DSC_0938,4008,1847,90
2,DSC_0939,3822,1892,93
3,DSC_0940,3648,1928,99
4,DSC_0941,3481,1935,92
5,DSC_0942,3328,1948,98
6,DSC_0943,2942,1957,96
7,DSC_0944,2785,1966,103
8,DSC_0945,2616,1970,100
9,DSC_0946,2198,1972,99
10,DSC_0947,1986,1979,107
11,DSC_0948,1781,1972,102
12,DSC_0949,1595,1972,105
13,DSC_0950,1414,1960,107
14,DSC_0951,1250,1953,109
15,DSC_0952,1102,1954,122
16,DSC_0953,933,1935,113
17,DSC_0954,726,1942,122
18,DSC_0955,404,1944,113
19,DSC_0965,4051,1305,83
20,DSC_0966,3868,1320,90
21,DSC_0967,3689,1330,87
22,DSC_0968,3329,1360,88
23,DSC_0969,3157,1373,90
24,DSC_0970,2980,1386,88
25,DSC_0971,2801,1407,95
26,DSC_0972,2628,1415,93
27,DSC_0973,2449,1413,96
28,DSC_0974,2278,1401,97
29,DSC_0975,1811,1402,101
30,DSC_0976,1686,1391,102
31,DSC_0977,1566,1378,100
32,DSC_0978,1446,1375,102
33,DSC_0979,1319,1374,103
34,DSC_0980,759,1402,110
35,DSC_0992,4079,648,89
36,DSC_0993,3911,617,89
37,DSC_0994,3721,586,92
38,DSC_0995,3514,553,92
39,DSC_0996,3284,511,88
40,DSC_0997,3039,475,91
41,DSC_0998,2767,436,92
42,DSC_0999,2478,408,104
43,DSC_1000,2174,352,97
44,DSC_1001,1865,314,104
45,DSC_1002,1567,259,98
46,DSC_1003,1283,230,109
47,DSC_1004,997,196,110
48,DSC_1005,716,167,107
49,DSC_1006,445,154,108
50,DSC_1007,185,160,111
51,DSC_1012,2957,2314,101
52,DSC_1013,678,2458,118
53,DSC_1014,3641,1969,83
0,DSC_8995,4028,877,73
1,DSC_8996,3828,902,80
2,DSC_8997,3649,922,82
3,DSC_8998,3547,914,85
4,DSC_8999,3449,897,87
5,DSC_9000,3321,882,89
6,DSC_9001,3087,956,96
7,DSC_9002,2734,1023,101
8,DSC_9003,2578,1066,102
9,DSC_9004,2462,1087,104
10,DSC_9005,2337,1126,111
11,DSC_9006,1796,1234,117
12,DSC_9007,1531,1272,119
13,DSC_9008,1254,1316,121
14,DSC_9009,1000,1390,129
15,DSC_9010,777,1478,131
16,DSC_9011,570,1573,135
17,DSC_9012,359,1666,136
18,DSC_9013,165,1745,142
19,DSC_9052,3115,424,33
20,DSC_9061,2555,433,35
21,DSC_9062,2434,441,33
22,DSC_9063,2359,442,32
23,DSC_9065,1758,473,32
24,DSC_9066,1302,515,34
25,DSC_9067,258,520,35
0,DSC_7027,1804,1204,177
1,DSC_7028,1856,1347,167
2,DSC_7029,1904,1406,157
3,DSC_7035,2437,1514,126
4,DSC_7036,2481,1556,124
5,DSC_7037,2509,1569,94
6,DSC_7038,2530,1602,91
7,DSC_7039,2543,1633,92
8,DSC_7040,2574,1684,87
9,DSC_7041,2671,2019,73
10,DSC_7042,2684,2101,79
11,DSC_7043,2776,2399,93
12,DSC_7044,2800,2294,94
13,DSC_7045,2542,1276,100
14,DSC_7046,2516,1151,104
15,DSC_7051,1834,1481,199
16,DSC_7052,1920,1404,185
17,DSC_7055,2963,1227,91
18,DSC_7056,2906,1218,87
19,DSC_7057,2522,1387,83
20,DSC_7058,2466,1506,90
21,DSC_7059,2284,2275,109
22,DSC_7060,2320,2429,117
23,DSC_7065,2734,831,138
24,DSC_7066,2720,887,114
25,DSC_7067,2744,1303,81
26,DSC_7068,2768,1355,96
27,DSC_7069,2850,1331,70
28,DSC_7070,2861,1359,63
29,DSC_7071,2808,1362,68
30,DSC_7072,2780,1349,88
31,DSC_7073,2705,1157,83
32,DSC_7074,2682,1075,85
33,DSC_7075,2487,698,90
34,DSC_7076,2507,624,92
35,DSC_7077,2063,176,176
36,DSC_7081,2265,178,165
37,DSC_7082,2365,192,163
38,DSC_7083,2488,503,147
39,DSC_7084,2491,556,123
40,DSC_7085,2499,750,98
41,DSC_7086,2555,798,95
42,DSC_7087,2537,1454,105
43,DSC_7088,2464,1499,108
44,DSC_7089,2492,1283,89
45,DSC_7090,2578,1222,87
46,DSC_7091,2738,946,92
47,DSC_7092,2785,873,116
48,DSC_7093,2643,842,111
49,DSC_7094,2479,899,110
50,DSC_7095,2501,1225,91
51,DSC_7096,2574,1294,108
52,DSC_7097,2680,1261,79
53,DSC_7098,2704,1235,67
54,DSC_7099,2761,1415,67
55,DSC_7100,2776,1443,70
56,DSC_7101,2776,1562,66
57,DSC_7102,2766,1587,71
58,DSC_7103,2734,1696,65
59,DSC_7104,2812,1732,68
60,DSC_7105,2782,1910,74
61,DSC_7106,2778,1851,65
62,DSC_7107,2895,1733,56
63,DSC_7108,2948,1733,66
64,DSC_7109,2753,1803,63
65,DSC_7110,2731,1827,66
66,DSC_7111,2695,1917,77
67,DSC_7112,2690,1917,75
68,DSC_7113,2592,1537,80
69,DSC_7114,2614,1329,91
70,DSC_7115,2570,757,106
71,DSC_7116,2569,623,109
72,DSC_7119,2420,1718,108
73,DSC_7121,2796,1534,88
74,DSC_7122,2825,1551,81
75,DSC_7123,2882,1548,65
76,DSC_7124,2864,1528,66
77,DSC_7125,2861,1580,64
78,DSC_7126,2852,1620,54
79,DSC_7127,2788,1736,64
80,DSC_7128,2782,1737,67
81,DSC_7129,2812,1790,61
82,DSC_7130,2820,1834,62
83,DSC_7133,2350,1115,112
84,DSC_7135,2560,670,101
0,DSC_8414,1750,1481,86
1,DSC_8415,1654,1474,86
2,DSC_8416,1569,1461,82
3,DSC_8417,1494,1457,84
4,DSC_8418,1437,1447,75
5,DSC_8419,1391,1458,79
6,DSC_8420,1347,1464,73
7,DSC_8421,1185,1534,73
8,DSC_8422,1121,1584,71
9,DSC_8423,1046,1651,65
10,DSC_8424,962,1695,74
11,DSC_8425,836,1828,66
12,DSC_8426,789,1966,57
13,DSC_8427,736,2117,66
14,DSC_8437,1441,909,80
15,DSC_8438,1322,912,78
16,DSC_8440,1141,967,71
17,DSC_8441,1081,1013,80
18,DSC_8442,1024,1086,81
19,DSC_8443,971,1167,78
20,DSC_8444,936,1245,75
21,DSC_8445,921,1321,73
22,DSC_8446,915,1382,70
23,DSC_8447,902,1444,73
24,DSC_8448,868,1491,72
25,DSC_8449,834,1541,72
26,DSC_8450,798,1589,70
27,DSC_8451,754,1638,67
28,DSC_8452,701,1680,66
29,DSC_8453,628,1777,64
30,DSC_8477,1239,605,74
31,DSC_8478,1083,643,70
32,DSC_8479,966,726,67
33,DSC_8480,884,799,73
34,DSC_8481,791,803,64
35,DSC_8482,666,835,67
36,DSC_8483,623,926,63
37,DSC_8484,701,1111,67
38,DSC_8485,830,1368,68
39,DSC_8522,3603,2017,57
40,DSC_8523,3612,2011,54
41,DSC_8524,3616,2009,52
42,DSC_8551,3396,1978,60
43,DSC_8552,3366,1907,54
44,DSC_8553,3331,1840,54
45,DSC_8554,3262,1683,62
46,DSC_8555,3239,1634,57
47,DSC_8556,3236,1504,51
48,DSC_8557,3255,1470,57
49,DSC_8558,3286,1429,51
50,DSC_8559,3329,1406,53
51,DSC_8560,3452,1336,51
52,DSC_8561,3497,1294,51
53,DSC_8562,3513,1262,66
54,DSC_8563,3499,1210,54
55,DSC_8564,3380,1098,64
56,DSC_8565,3356,1045,52
57,DSC_8566,3374,1017,62
58,DSC_8567,3484,925,56
59,DSC_8568,3536,905,67
60,DSC_8569,3585,878,66
61,DSC_8570,3617,855,69
62,DSC_8571,3616,830,66
63,DSC_8604,2977,1025,59
64,DSC_8605,3044,1059,59
65,DSC_8606,3085,1050,59
66,DSC_8607,3096,1007,58
67,DSC_8608,3048,961,59
68,DSC_8609,2901,945,58
69,DSC_8610,2842,957,63
70,DSC_8611,2851,969,63
71,DSC_8612,2794,958,65
72,DSC_8613,2659,948,60
73,DSC_8614,2559,994,60
74,DSC_8617,3751,2027,62
75,DSC_8618,3753,2017,56
76,DSC_8619,3595,1729,55
77,DSC_8620,3600,1685,68
78,DSC_8621,3594,1614,60
79,DSC_8622,3589,1536,57
80,DSC_8623,3575,1447,57
81,DSC_8624,3550,1368,62
82,DSC_8625,3537,1325,66
83,DSC_8626,3530,1312,66
84,DSC_8627,3525,1280,67
85,DSC_8628,3652,857,73
86,DSC_8629,3652,805,66
87,DSC_8630,3636,762,54
88,DSC_8631,3630,785,70
89,DSC_8632,3619,800,70
90,DSC_8633,3534,1424,57
91,DSC_8634,3545,1477,59
92,DSC_8635,3557,1509,56
93,DSC_8636,3571,1533,57
94,DSC_8637,3778,1695,64
95,DSC_8638,3954,1442,60
96,DSC_8639,3939,1408,63
97,DSC_8640,3901,1374,59
98,DSC_8641,3865,1332,55
99,DSC_8642,3823,1294,55
100,DSC_8643,3777,1272,66
101,DSC_8644,3568,1191,57
102,DSC_8645,3557,1196,57
103,DSC_8646,3553,1218,70
104,DSC_8647,2576,360,71
105,DSC_8648,2791,397,75
106,DSC_8649,2892,404,72
107,DSC_8650,2994,411,67
108,DSC_8651,3064,418,61
109,DSC_8652,3161,429,67
110,DSC_8653,3236,447,65
111,DSC_8654,3300,463,58
112,DSC_8655,3377,465,57
113,DSC_8656,3425,486,58
114,DSC_8657,2275,833,39
0,DSC_9521,467,2205,67
1,DSC_9522,478,2012,67
2,DSC_9523,489,1912,67
3,DSC_9524,560,1998,66
4,DSC_9525,680,1917,66
5,DSC_9526,826,1844,64
6,DSC_9527,943,1886,65
7,DSC_9528,992,2089,65
8,DSC_9529,1017,2325,64
9,DSC_9530,1128,2452,68
10,DSC_9531,1265,2573,66
11,DSC_9532,1391,2755,68
12,DSC_9535,1904,2467,68
13,DSC_9536,1819,2286,67
14,DSC_9537,778,2546,69
15,DSC_9538,474,2313,73
16,DSC_9539,543,2571,83
17,DSC_9543,3265,2773,70
18,DSC_9544,3328,2696,65
19,DSC_9550,456,1201,74
20,DSC_9551,539,1414,74
21,DSC_9552,690,1610,71
22,DSC_9553,914,1667,71
23,DSC_9554,1143,1742,69
24,DSC_9555,1257,1835,70
25,DSC_9556,1321,1876,69
26,DSC_9557,1080,1975,69
27,DSC_9558,507,2064,73
28,DSC_9559,539,2191,76
29,DSC_9560,621,2252,70
30,DSC_9561,705,2323,70
31,DSC_9562,778,2401,69
32,DSC_9563,842,2497,72
33,DSC_9564,1135,2781,62
34,DSC_9566,3153,2770,69
35,DSC_9567,3234,2638,68
36,DSC_9568,3316,2496,66
37,DSC_9569,3400,2360,69
38,DSC_9570,3498,2214,66
39,DSC_9571,3581,2051,67
40,DSC_9572,3650,1862,68
41,DSC_9573,3720,1682,63
42,DSC_9574,3753,1538,78
43,DSC_9575,3808,1434,62
44,DSC_9576,3862,1382,59
45,DSC_9577,3921,1353,62
46,DSC_9578,3951,1329,62
47,DSC_9579,3945,1290,63
48,DSC_9580,3718,1067,65
49,DSC_9581,3665,1064,66
50,DSC_9582,3613,1086,66
51,DSC_9583,3473,1147,54
52,DSC_9584,3172,1667,67
53,DSC_9585,2930,2269,70
54,DSC_9586,593,1295,72
55,DSC_9587,733,1393,69
56,DSC_9588,873,1483,68
57,DSC_9589,994,1570,66
58,DSC_9590,1081,1636,67
59,DSC_9591,1142,1664,68
60,DSC_9592,1178,1627,70
61,DSC_9593,1189,1531,69
62,DSC_9594,1203,1420,66
63,DSC_9595,1245,1287,69
64,DSC_9596,1312,1122,68
65,DSC_9597,1379,949,67
66,DSC_9598,1449,785,68
67,DSC_9599,1506,638,71
68,DSC_9600,1553,530,68
69,DSC_9601,1588,575,69
70,DSC_9602,1972,859,70
71,DSC_9603,2058,940,70
72,DSC_9604,2149,1033,68
73,DSC_9605,2257,1167,69
74,DSC_9606,2386,1285,69
75,DSC_9607,2614,1377,76
76,DSC_9608,2958,1436,68
77,DSC_9609,3213,1320,55
78,DSC_9610,3570,1218,68
79,DSC_9611,4107,896,88
80,DSC_9612,4045,1356,75
81,DSC_9613,3901,1296,74
82,DSC_9614,3769,1188,83
83,DSC_9615,3712,1074,86
84,DSC_9616,3704,883,67
85,DSC_9617,3256,1061,54
86,DSC_9618,3218,1182,64
87,DSC_9619,2693,1524,65
88,DSC_9620,2419,1394,70
89,DSC_9621,2390,1325,71
90,DSC_9622,2262,1272,59
91,DSC_9623,1930,1339,69
92,DSC_9624,1806,1346,69
93,DSC_9625,1084,1690,70
94,DSC_9626,734,2488,70
95,DSC_9627,508,269,65
96,DSC_9628,559,220,69
97,DSC_9629,557,352,76
98,DSC_9630,708,644,68
99,DSC_9631,799,757,65
100,DSC_9632,1157,662,67
101,DSC_9633,966,393,73
102,DSC_9634,817,451,65
103,DSC_9635,729,199,67
104,DSC_9636,517,256,67
105,DSC_9637,520,154,67
106,DSC_9638,609,282,67
107,DSC_9639,788,358,66
108,DSC_9640,1022,406,69
109,DSC_9641,1235,362,66
110,DSC_9642,1465,371,67
111,DSC_9643,1568,382,65
112,DSC_9644,1651,438,64
113,DSC_9645,1656,392,65
114,DSC_9646,1570,298,62
115,DSC_9647,1393,278,62
116,DSC_9648,1272,260,64
117,DSC_9649,1216,244,64
118,DSC_9650,1118,254,62
119,DSC_9651,979,293,62
120,DSC_9652,973,286,61
121,DSC_9653,948,272,63
122,DSC_9654,785,497,62
123,DSC_9655,601,723,62
124,DSC_9656,686,1812,75
125,DSC_9657,1070,1759,72
126,DSC_9658,1641,1546,72
127,DSC_9659,1898,1426,70
128,DSC_9660,1994,1444,68
129,DSC_9661,2240,1494,74
130,DSC_9662,2347,1491,71
131,DSC_9663,2953,1484,74
132,DSC_9664,3100,1491,59
133,DSC_9665,3229,1384,59
134,DSC_9666,3298,1329,63
135,DSC_9667,3352,1304,73
136,DSC_9668,3435,1284,58
137,DSC_9669,3633,1155,62
138,DSC_9670,3720,1065,73
139,DSC_9671,3799,1102,61
140,DSC_9672,3772,1152,76
141,DSC_9673,3733,1202,75
142,DSC_9674,3703,1220,62
143,DSC_9675,3654,1246,60
144,DSC_9676,3585,1252,77
145,DSC_9677,3528,1232,76
146,DSC_9678,3477,1217,62
147,DSC_9679,3395,1230,76
148,DSC_9680,3362,1247,60
149,DSC_9681,3324,1280,58
150,DSC_9682,3331,1315,59
151,DSC_9683,3326,1318,59
152,DSC_9684,3205,1197,56
153,DSC_9685,3152,1295,60
154,DSC_9686,2975,1340,62
155,DSC_9687,2407,1882,72
156,DSC_9688,1769,1596,66
157,DSC_9689,1122,1429,70
158,DSC_9690,732,1591,70
159,DSC_9691,773,1511,77
160,DSC_9692,1351,1345,66
161,DSC_9693,1534,1390,64
162,DSC_9694,1618,1328,64
163,DSC_9695,1745,1093,63
164,DSC_9696,1783,1111,65
165,DSC_9697,1167,1733,63
0,DSC_0205,3670,201,66
1,DSC_0206,3727,555,68
2,DSC_0207,3742,714,76
3,DSC_0208,3757,820,76
4,DSC_0209,3794,926,57
5,DSC_0210,3795,1036,57
6,DSC_0211,3786,1133,57
7,DSC_0212,3736,1234,75
8,DSC_0213,3656,1502,54
9,DSC_0214,3618,1639,53
10,DSC_0215,3569,1783,68
11,DSC_0216,3561,1920,64
12,DSC_0217,3559,2024,65
13,DSC_0218,3569,2058,66
14,DSC_0219,3585,2065,68
15,DSC_0220,3609,2014,55
16,DSC_0221,3659,1778,52
17,DSC_0222,3670,1618,53
18,DSC_0223,3662,1456,54
19,DSC_0224,3642,1317,53
20,DSC_0225,3618,1214,56
21,DSC_0226,3576,870,73
22,DSC_0227,3648,488,58
23,DSC_0228,3723,87,64
24,DSC_0229,3617,418,75
25,DSC_0230,3544,1060,58
26,DSC_0231,3565,1485,71
27,DSC_0232,3550,2253,58
28,DSC_0233,3344,2253,58
29,DSC_0284,2285,61,38
30,DSC_0302,2436,363,50
31,DSC_0304,2202,584,48
32,DSC_0320,2145,1008,33
33,DSC_0349,2119,2512,49
34,DSC_0350,2110,2530,47
35,DSC_0351,2086,2462,49
36,DSC_0352,2085,2344,49
37,DSC_0353,2092,2245,49
38,DSC_0354,2115,2121,47
39,DSC_0355,2126,2103,44
40,DSC_0356,2131,2073,44
41,DSC_0357,2125,2045,43
42,DSC_0358,2094,2014,50
43,DSC_0359,2090,2004,41
44,DSC_0368,1792,1898,43
45,DSC_0369,1775,2105,43
46,DSC_0370,1758,2265,44
47,DSC_0371,1753,2331,47
48,DSC_0372,1761,2396,47
49,DSC_0373,1738,2450,61
50,DSC_0374,1734,2401,49
51,DSC_0375,1609,1998,46
52,DSC_0376,1592,1904,43
53,DSC_0377,1563,1834,44
54,DSC_0378,1564,1788,40
55,DSC_0379,1572,1641,39
56,DSC_0380,1551,1579,40
57,DSC_0385,1788,1624,39
58,DSC_0386,846,1696,61
59,DSC_0387,884,1901,55
60,DSC_0388,890,1907,53
61,DSC_0389,896,1870,52
62,DSC_0390,915,1817,50
63,DSC_0391,930,1722,47
64,DSC_0392,926,1661,45
65,DSC_0393,922,1566,45
66,DSC_0394,910,1515,44
67,DSC_0395,897,1482,43
68,DSC_0396,879,1413,41
69,DSC_0397,904,1347,43
70,DSC_0398,911,1282,43
71,DSC_0399,914,1257,41
72,DSC_0400,916,1229,38
73,DSC_0401,835,1226,36
74,DSC_0402,738,1137,41
75,DSC_0403,612,1034,47
76,DSC_0420,1226,726,33
77,DSC_0421,1229,917,30
78,DSC_0422,995,200,162
79,DSC_0428,635,1670,62
80,DSC_0431,699,1577,50
81,DSC_0433,688,1289,45
82,DSC_0434,721,1092,42
83,DSC_0435,756,1002,41
84,DSC_0436,778,950,38
85,DSC_0437,762,946,36
86,DSC_0438,794,882,34
87,DSC_0441,977,112,30
88,DSC_0443,857,355,43
89,DSC_0444,793,245,50
90,DSC_0445,797,132,49
91,DSC_0446,684,318,64
92,DSC_0447,476,919,69
93,DSC_0448,340,786,90
94,DSC_0450,524,992,60
95,DSC_0451,715,1016,58
96,DSC_0452,661,955,50
97,DSC_0453,637,912,48
98,DSC_0454,611,859,50
99,DSC_0455,584,756,52
100,DSC_0456,592,709,49
101,DSC_0457,607,681,46
102,DSC_0458,620,664,47
103,DSC_0459,642,592,49
104,DSC_0460,650,549,41
105,DSC_0461,649,518,41
106,DSC_0462,646,499,43
107,DSC_0464,642,503,42
108,DSC_0467,657,533,41
109,DSC_0469,729,461,42
110,DSC_0474,696,450,43
111,DSC_0476,834,298,46
112,DSC_0479,766,437,52
113,DSC_0480,635,739,54
114,DSC_0481,553,923,61
0,DSC_7822,357,1781,51
1,DSC_7823,487,1735,51
2,DSC_7824,625,1685,52
3,DSC_7825,760,1627,48
4,DSC_7826,873,1574,48
5,DSC_7827,961,1519,49
6,DSC_7828,1029,1461,55
7,DSC_7829,1092,1396,47
8,DSC_7830,1147,1343,46
9,DSC_7831,1192,1301,50
10,DSC_7832,1221,1270,52
11,DSC_7833,1228,1247,53
12,DSC_7834,1218,1228,45
13,DSC_7835,437,1463,60
14,DSC_7836,474,1465,58
15,DSC_7837,525,1469,58
16,DSC_7838,573,1461,51
17,DSC_7839,607,1461,52
18,DSC_7840,629,1470,57
19,DSC_7841,951,1279,53
20,DSC_7842,1246,1208,45
21,DSC_7843,1508,1154,49
22,DSC_7844,1722,1096,47
23,DSC_7845,1887,1033,45
24,DSC_7846,2005,977,44
25,DSC_7847,2080,927,45
26,DSC_7848,2123,894,42
27,DSC_7849,2150,875,42
28,DSC_7850,2162,871,44
29,DSC_7851,2147,869,44
30,DSC_7852,1808,979,46
31,DSC_7853,1677,1015,46
32,DSC_7854,1545,1054,51
33,DSC_7855,1408,1068,45
34,DSC_7856,971,1068,47
35,DSC_7857,928,1049,45
36,DSC_7858,955,1039,48
37,DSC_7859,1243,1046,44
38,DSC_7860,1276,1030,44
39,DSC_7861,1206,892,43
40,DSC_7862,1148,774,44
41,DSC_7863,1175,712,41
42,DSC_7864,1236,646,42
43,DSC_7865,971,720,48
44,DSC_7866,584,912,51
45,DSC_7867,469,2270,44
46,DSC_7868,524,2272,49
47,DSC_7869,582,2272,46
48,DSC_7870,629,2275,46
49,DSC_7871,682,2272,39
50,DSC_7872,965,2318,45
51,DSC_7880,905,2116,42
52,DSC_7881,580,2041,51
53,DSC_7883,4067,2801,33
54,DSC_7884,3993,2448,35
55,DSC_7885,3940,2443,35
56,DSC_7886,3968,2422,32
57,DSC_7887,3982,2385,31
58,DSC_7888,3945,2495,32
59,DSC_7889,3857,2366,30
60,DSC_7890,3728,2324,31
61,DSC_7891,3597,2316,30
62,DSC_7892,3483,2331,28
63,DSC_7893,3440,2490,30
64,DSC_7894,3441,2679,31
65,DSC_7895,3561,2705,31
66,DSC_7896,3652,2711,30
67,DSC_7897,3658,2695,29
68,DSC_7898,3686,2439,34
69,DSC_7899,3708,2399,33
70,DSC_7900,3836,2402,35
71,DSC_7903,3084,2349,37
72,DSC_7904,2380,2309,40
73,DSC_7905,2011,2296,38
74,DSC_7906,1809,2284,37
75,DSC_7907,1670,2272,30
76,DSC_7908,1544,2268,30
77,DSC_7909,1441,2278,38
78,DSC_7910,1358,2275,40
79,DSC_7911,1286,2299,110
80,DSC_7912,1328,2297,138
81,DSC_7913,1278,2258,33
82,DSC_7914,1284,2306,107
83,DSC_7915,1366,2256,35
84,DSC_7917,1553,2239,29
85,DSC_7918,1655,2234,28
86,DSC_7919,1749,2235,28
87,DSC_7921,1936,2250,29
88,DSC_7922,2007,2260,30
89,DSC_7923,2059,2272,32
90,DSC_7925,1810,2275,23
91,DSC_7926,1606,2284,25
92,DSC_7927,1559,2305,27
93,DSC_7929,2684,2749,36
94,DSC_7930,2620,2724,38
95,DSC_7931,2441,2602,34
96,DSC_7932,2350,2527,37
97,DSC_7933,2265,2456,32
98,DSC_7934,2191,2416,35
99,DSC_7935,2129,2386,31
100,DSC_7936,2081,2367,37
101,DSC_7937,2045,2341,34
102,DSC_7938,2008,2328,31
103,DSC_7939,1979,2329,30
104,DSC_7940,1958,2334,33
105,DSC_7941,1944,2333,29
106,DSC_7942,1930,2336,31
107,DSC_7943,1916,2333,30
108,DSC_7944,1905,2336,30
109,DSC_7945,1900,2341,28
110,DSC_7946,1902,2347,29
111,DSC_7947,1902,2357,37
112,DSC_7948,1911,2346,30
113,DSC_7949,1875,2314,25
114,DSC_7950,1799,2271,23
115,DSC_7951,1742,2253,24
116,DSC_7952,1674,2257,23
117,DSC_7953,1626,2252,23
118,DSC_7955,1743,2183,21
119,DSC_7956,1829,2190,26
0,DSC_1401,4066,2428,218
1,DSC_1402,4029,2093,190
2,DSC_1403,4106,1872,170
3,DSC_1404,4139,1726,145
4,DSC_1405,4078,1596,149
5,DSC_1406,4003,1518,127
6,DSC_1407,3839,1396,116
7,DSC_1408,3773,1351,112
8,DSC_1409,3733,1344,109
9,DSC_1410,3611,1243,102
10,DSC_1411,3552,1190,104
11,DSC_1412,3517,1143,93
12,DSC_1413,3497,1119,89
13,DSC_1414,3488,1125,87
14,DSC_1415,3477,1154,86
15,DSC_1416,3439,1086,83
16,DSC_1417,3399,1081,100
17,DSC_1418,3365,1059,82
18,DSC_1419,3376,1069,84
19,DSC_1420,3419,1049,75
20,DSC_1421,3458,1013,69
21,DSC_1422,3461,984,71
22,DSC_1423,3441,971,68
23,DSC_1424,3428,967,66
24,DSC_1425,3415,962,67
25,DSC_1426,3340,931,70
26,DSC_1431,1470,2585,166
27,DSC_1432,1536,2537,161
28,DSC_1433,1608,2497,155
29,DSC_1434,1675,2446,147
30,DSC_1435,1748,2361,112
31,DSC_1436,1889,2239,125
32,DSC_1437,1945,2089,115
33,DSC_1438,1988,1967,97
34,DSC_1439,2033,1898,107
35,DSC_1440,2071,1829,102
36,DSC_1441,2105,1777,101
37,DSC_1442,2133,1708,76
38,DSC_1443,2155,1673,75
39,DSC_1444,2185,1629,71
40,DSC_1445,2211,1589,69
41,DSC_1446,2242,1567,82
42,DSC_1447,2280,1518,65
43,DSC_1448,2323,1491,76
44,DSC_1449,2405,1383,66
45,DSC_1450,2434,1354,62
46,DSC_1463,584,1135,96
47,DSC_1464,673,1073,91
48,DSC_1465,754,1034,90
49,DSC_1466,822,1007,87
50,DSC_1467,1276,938,70
51,DSC_1468,1345,925,68
52,DSC_1469,1405,924,75
53,DSC_1470,1472,906,73
54,DSC_1471,1513,896,71
55,DSC_1472,1556,881,62
56,DSC_1473,1593,865,58
57,DSC_1474,1647,888,100
58,DSC_1475,1756,800,49
59,DSC_1476,1794,788,47
60,DSC_1477,1836,779,47
61,DSC_1478,1881,764,45
62,DSC_1479,1928,751,42
63,DSC_1480,2136,691,48
64,DSC_1481,2151,676,45
65,DSC_1482,2167,667,42
66,DSC_1483,2179,654,44
67,DSC_1484,2196,646,41
68,DSC_1485,2212,646,41
69,DSC_1486,2226,644,40
70,DSC_1487,2236,640,40
71,DSC_1488,2728,2150,210
72,DSC_1489,2777,1911,177
73,DSC_1490,2790,1738,163
74,DSC_1491,2877,1624,137
75,DSC_1492,2822,1466,121
76,DSC_1493,2788,1313,106
77,DSC_1494,2752,1261,102
78,DSC_1495,2733,1221,94
79,DSC_1496,2753,1168,88
80,DSC_1497,2743,1096,85
81,DSC_1498,2759,1029,81
82,DSC_1499,2776,979,73
83,DSC_1500,2775,986,71
84,DSC_1501,2818,984,67
85,DSC_1502,2860,984,61
86,DSC_1503,2896,988,60
87,DSC_1504,2928,973,60
88,DSC_1505,2893,915,57
89,DSC_1506,2659,853,73
90,DSC_1525,3609,457,43
91,DSC_1526,3541,466,179
92,DSC_1532,2776,302,42
93,DSC_1533,2690,297,40
94,DSC_1536,2407,277,41
95,DSC_1537,2308,283,37
96,DSC_1538,2204,289,44
97,DSC_1539,2094,290,40
98,DSC_1540,1986,296,43
99,DSC_1541,1865,301,44
100,DSC_1542,1747,306,42
101,DSC_1543,1628,312,41
102,DSC_1548,1217,316,316
103,DSC_1549,543,359,42
104,DSC_1550,466,362,42
105,DSC_1558,433,296,39
106,DSC_1559,578,299,41
107,DSC_1565,1671,402,44
108,DSC_1566,2286,502,43
109,DSC_1567,2219,520,43
110,DSC_1568,2157,532,44
111,DSC_1569,2010,533,41
112,DSC_1570,1974,527,41
113,DSC_1571,1761,487,41
114,DSC_1572,1692,479,41
115,DSC_1574,1217,316,316
116,DSC_1576,973,446,40
117,DSC_1577,826,448,40
118,DSC_1578,621,461,41
119,DSC_1579,470,470,40
120,DSC_1580,260,500,39
121,DSC_1581,71,525,40
0,DSC_1649,1907,2729,103
1,DSC_1650,2011,2666,102
2,DSC_1651,2097,2628,104
3,DSC_1652,2183,2626,103
4,DSC_1653,2461,2678,100
5,DSC_1654,3072,2624,100
6,DSC_1669,678,1385,144
7,DSC_1670,1048,1492,143
8,DSC_1671,1325,1543,140
9,DSC_1672,1979,1422,1422
10,DSC_1673,2048,1278,135
11,DSC_1674,2812,1914,134
12,DSC_1677,3763,1695,126
13,DSC_1678,4099,1498,124
14,DSC_1685,427,1818,138
15,DSC_1686,565,1806,133
16,DSC_1687,679,1788,134
17,DSC_1688,952,1691,134
18,DSC_1689,1096,1592,131
19,DSC_1690,1223,1467,129
20,DSC_1691,1332,1353,126
21,DSC_1692,1419,1286,126
22,DSC_1693,1680,1350,125
23,DSC_1694,1745,1490,127
24,DSC_1695,1993,1696,128
25,DSC_1696,2199,1694,126
26,DSC_1697,2403,1607,126
27,DSC_1698,2599,1513,125
28,DSC_1699,2774,1478,124
29,DSC_1700,2874,1468,122
30,DSC_1701,3058,1524,123
31,DSC_1702,3155,1587,125
32,DSC_1703,3247,1651,127
33,DSC_1704,3449,1744,124
34,DSC_1705,3529,1714,124
35,DSC_1706,3693,1402,122
36,DSC_1734,2397,91,91
37,DSC_1738,2792,109,101
38,DSC_1739,2856,184,101
39,DSC_1740,3026,263,97
40,DSC_1741,3221,264,97
41,DSC_1745,4195,539,89
0,DSC_8298,1003,1565,124
1,DSC_8299,956,1513,126
2,DSC_8300,903,1445,119
3,DSC_8301,914,1382,114
4,DSC_8302,1035,1330,112
5,DSC_8303,1199,1282,109
6,DSC_8313,1668,1213,77
7,DSC_8314,1737,1226,64
8,DSC_8315,1755,1281,66
9,DSC_8316,1876,1317,61
10,DSC_8317,2199,1476,84
11,DSC_8318,2377,1519,72
12,DSC_8319,2690,1516,77
13,DSC_8320,2907,1591,65
14,DSC_8321,3046,1853,64
15,DSC_8322,2804,2666,177
16,DSC_8324,2773,2479,196
17,DSC_8348,2554,1440,72
18,DSC_8349,2478,1435,72
19,DSC_8350,2441,1454,77
20,DSC_8351,2444,1520,80
21,DSC_8352,2499,1553,70
22,DSC_8353,2718,1700,76
23,DSC_8354,4062,1037,72
24,DSC_8355,4064,1031,73
25,DSC_8356,4085,969,69
26,DSC_8357,4081,916,76
27,DSC_8358,4062,867,68
28,DSC_8359,4039,825,68
29,DSC_8360,4006,785,61
30,DSC_8361,3982,780,71
31,DSC_8362,3953,764,71
32,DSC_8363,3919,742,70
33,DSC_8364,3882,716,68
34,DSC_8365,3838,687,61
35,DSC_8366,3784,673,70
36,DSC_8367,3733,650,63
37,DSC_8368,3558,622,69
38,DSC_8369,3503,619,71
39,DSC_8370,3443,619,73
40,DSC_8371,3393,607,72
41,DSC_8372,3339,596,68
42,DSC_8373,3150,599,70
43,DSC_8374,3049,604,70
44,DSC_8375,2937,604,66
45,DSC_8376,2815,606,66
46,DSC_8377,2516,605,60
47,DSC_8378,2242,607,66
48,DSC_8379,1931,597,68
49,DSC_8380,1885,602,69
50,DSC_8381,2039,616,70
51,DSC_8382,2380,618,70
52,DSC_8383,2750,630,72
53,DSC_8384,3112,630,72
54,DSC_8385,3384,626,72
55,DSC_8386,3620,653,71
56,DSC_8387,3823,681,58
57,DSC_8388,3967,733,62
58,DSC_8389,4013,805,70
59,DSC_8390,3971,888,66
60,DSC_8391,3810,1042,64
0,DSC_6635,1604,2593,144
1,DSC_6636,1467,2403,144
2,DSC_6637,1334,2217,144
3,DSC_6638,1215,2038,145
4,DSC_6639,1125,1858,146
5,DSC_6640,1068,1686,147
6,DSC_6641,1045,1537,151
7,DSC_6642,1044,1402,153
8,DSC_6643,1045,1280,152
9,DSC_6644,1027,1196,151
10,DSC_6645,989,1135,148
11,DSC_6646,935,1096,151
12,DSC_6647,861,1051,145
13,DSC_6648,768,1002,145
14,DSC_6649,676,933,146
15,DSC_6650,558,745,140
16,DSC_6651,1015,530,135
17,DSC_6652,1091,600,136
18,DSC_6653,1106,641,138
19,DSC_6654,1113,609,140
20,DSC_6655,1169,481,139
21,DSC_6656,1189,596,134
22,DSC_6657,1569,1017,132
23,DSC_6658,1591,1097,131
24,DSC_6659,2095,662,131
25,DSC_6660,2104,661,117
26,DSC_6661,2268,751,111
27,DSC_6662,2288,838,115
28,DSC_6663,2474,932,107
29,DSC_6664,2494,979,110
30,DSC_6665,2734,1070,108
31,DSC_6666,2770,1066,104
32,DSC_6667,3185,1183,97
33,DSC_6668,3212,1198,99
34,DSC_6669,3493,1153,92
35,DSC_6670,3497,1169,91
36,DSC_6671,3545,1237,91
37,DSC_6672,3581,1259,95
38,DSC_6673,3772,1308,91
39,DSC_6674,3806,1345,92
40,DSC_6675,3581,1640,95
41,DSC_6676,3575,1604,94
42,DSC_6677,3495,1470,91
43,DSC_6678,3496,1469,93
44,DSC_6679,3523,1558,102
45,DSC_6680,3454,1579,103
46,DSC_6681,3161,1557,102
47,DSC_6682,3126,1536,102
48,DSC_6683,2952,1547,107
49,DSC_6684,2921,1542,108
50,DSC_6685,2685,1485,109
51,DSC_6686,2628,1428,110
52,DSC_6687,2436,1324,116
53,DSC_6688,2373,1321,116
54,DSC_6689,1936,1344,127
55,DSC_6690,1818,1341,130
56,DSC_6691,1346,1203,133
57,DSC_6692,1277,1192,131
58,DSC_6693,801,1162,143
59,DSC_6694,785,1050,148
60,DSC_6695,1096,1276,142
61,DSC_6696,1043,1181,142
62,DSC_6697,732,828,143
63,DSC_6698,652,848,143
64,DSC_6699,649,1199,154
65,DSC_6700,776,1282,158
66,DSC_6701,969,1509,166
67,DSC_6702,908,1560,169
68,DSC_6703,1006,1726,158
69,DSC_6704,1047,1781,159
70,DSC_6705,1327,1847,150
71,DSC_6706,1411,1851,146
72,DSC_6707,1678,1931,134
73,DSC_6708,1726,1951,135
74,DSC_6709,2092,2046,131
75,DSC_6710,2126,2014,127
76,DSC_6711,2251,2031,121
77,DSC_6712,2287,2037,119
78,DSC_6713,2908,1836,117
79,DSC_6714,2914,1842,117
80,DSC_6715,2780,1973,120
81,DSC_6716,2823,2004,119
82,DSC_6717,3188,1973,115
83,DSC_6718,3240,1972,113
84,DSC_6719,3453,2093,106
85,DSC_6720,3522,2161,105
86,DSC_6721,3509,2169,102
87,DSC_6722,3532,2179,102
88,DSC_6723,3778,2423,100
89,DSC_6724,3726,2402,100
90,DSC_6725,3769,2341,99
91,DSC_6726,3803,2376,99
92,DSC_6727,3688,2355,100
93,DSC_6728,3631,2260,102
94,DSC_6729,3070,1938,108
95,DSC_6730,2925,1842,112
96,DSC_6731,2226,1223,122
97,DSC_6732,2043,1125,124
98,DSC_6733,1223,511,129
99,DSC_6734,1046,396,139
100,DSC_6737,1365,374,143
101,DSC_6738,1372,454,140
102,DSC_6739,1371,635,142
103,DSC_6740,1392,661,131
104,DSC_6741,1905,777,142
105,DSC_6742,2076,848,119
106,DSC_6743,2436,870,112
107,DSC_6744,2496,840,113
108,DSC_6745,2556,901,108
109,DSC_6746,2578,876,103
110,DSC_6747,2919,1029,102
111,DSC_6748,2961,1091,98
112,DSC_6749,3311,1175,97
113,DSC_6750,3367,1191,97
114,DSC_6751,3434,1281,95
115,DSC_6757,3634,1523,95
116,DSC_6758,3633,1506,93
117,DSC_6759,3384,1627,100
118,DSC_6760,3337,1603,102
119,DSC_6761,3384,1690,107
120,DSC_6762,3373,1768,105
121,DSC_6763,3212,1831,105
122,DSC_6764,3235,1817,105
123,DSC_6765,2913,1793,102
124,DSC_6766,2877,1750,103
125,DSC_6767,2218,1512,121
126,DSC_6768,2152,1495,118
127,DSC_6769,2076,1481,119
128,DSC_6770,1987,1477,123
129,DSC_6771,1759,1486,128
130,DSC_6772,1638,1505,129
131,DSC_6773,1220,1429,143
132,DSC_6774,1196,1400,142
133,DSC_6775,922,1572,154
134,DSC_6776,845,1665,157
135,DSC_6777,795,1913,160
136,DSC_6778,835,2010,155
137,DSC_6779,772,2178,174
138,DSC_6780,770,2179,170
139,DSC_6781,393,2153,169
140,DSC_6782,447,2115,174
141,DSC_6783,850,1875,178
142,DSC_6784,785,1856,176
143,DSC_6785,785,2218,168
144,DSC_6786,891,2262,164
145,DSC_6787,1314,2140,158
146,DSC_6788,1380,2123,156
147,DSC_6789,1554,2020,150
148,DSC_6790,1511,1992,145
149,DSC_6791,1670,2108,144
150,DSC_6792,1784,2092,139
151,DSC_6793,2015,1926,135
152,DSC_6794,2037,1855,133
153,DSC_6795,2141,2086,126
154,DSC_6796,2242,2174,128
155,DSC_6797,2372,2171,128
156,DSC_6798,2315,2159,124
157,DSC_6799,2616,1937,119
158,DSC_6800,2702,1927,118
159,DSC_6801,3246,2061,108
160,DSC_6802,3256,2103,107
161,DSC_6803,3530,2387,103
162,DSC_6804,3510,2405,105
163,DSC_6805,3415,2385,103
164,DSC_6806,3452,2445,103
165,DSC_6807,3858,2608,101
166,DSC_6808,3986,2612,113
167,DSC_6809,3693,2271,112
168,DSC_6810,3527,2219,114
169,DSC_6811,3087,2043,121
170,DSC_6812,2909,2056,124
171,DSC_6813,2164,2613,139
172,DSC_6814,2613,2398,133
173,DSC_6815,2681,2372,129
174,DSC_6816,2743,2384,127
175,DSC_6817,2816,2336,126
176,DSC_6818,2895,2196,124
177,DSC_6819,2971,2077,117
178,DSC_6820,3037,1933,114
179,DSC_6821,3097,1799,110
180,DSC_6822,3156,1654,108
181,DSC_6823,3225,1526,112
182,DSC_6824,3296,1416,104
183,DSC_6825,3371,1328,103
184,DSC_6826,3442,1253,100
185,DSC_6827,3515,1212,100
186,DSC_6828,3585,1185,99
187,DSC_6829,3649,1157,100
188,DSC_6830,3697,1122,100
189,DSC_6831,3682,1075,92
190,DSC_6832,3665,1092,92
191,DSC_6833,3725,1054,91
192,DSC_6834,3701,1083,89
193,DSC_6835,3656,1080,89
194,DSC_6836,3664,1063,88
195,DSC_6837,3715,1040,85
196,DSC_6838,3764,1048,85
197,DSC_6839,3871,1249,91
198,DSC_6840,3837,1256,93
199,DSC_6841,3775,1337,90
200,DSC_6842,3764,1294,90
201,DSC_6843,3843,1016,91
202,DSC_6844,3875,957,92
203,DSC_6845,3937,961,93
204,DSC_6846,3997,958,93
205,DSC_6847,4121,992,94
206,DSC_6848,4103,1002,94
207,DSC_6849,3994,1031,92
208,DSC_6850,4006,986,92
209,DSC_6851,4168,958,92
210,DSC_6852,4207,965,76
211,DSC_6857,4140,1238,95
212,DSC_6858,4109,1270,97
213,DSC_6859,4048,1359,96
214,DSC_6860,4029,1415,98
215,DSC_6861,4017,1429,102
216,DSC_6862,4015,1410,102
217,DSC_6863,3912,1057,101
218,DSC_6864,3894,1025,101
219,DSC_6865,3714,934,100
220,DSC_6866,3605,889,103
221,DSC_6867,3441,860,108
222,DSC_6868,3504,887,106
223,DSC_6869,3755,1043,102
224,DSC_6870,3714,1067,101
225,DSC_6871,3695,1049,101
226,DSC_6872,3749,1040,100
227,DSC_6873,3888,1295,92
228,DSC_6874,3160,1641,120
229,DSC_6875,3037,1763,126
230,DSC_6876,2894,1898,129
231,DSC_6877,2733,2028,134
232,DSC_6878,2566,2134,135
233,DSC_6879,2195,2335,137
0,DSC_9144,4022,1001,31
1,DSC_9145,3983,961,32
2,DSC_9146,3940,1009,35
3,DSC_9147,3872,1106,34
4,DSC_9148,3729,1257,35
5,DSC_9149,3656,1236,31
6,DSC_9150,3584,1163,34
7,DSC_9151,3471,1072,33
8,DSC_9152,3296,983,33
9,DSC_9153,3072,889,32
10,DSC_9154,2869,818,31
11,DSC_9155,2614,737,35
12,DSC_9156,2390,658,31
13,DSC_9157,2200,597,32
14,DSC_9158,2130,560,31
15,DSC_9159,2092,542,32
16,DSC_9160,2089,504,34
17,DSC_9161,2389,461,33
18,DSC_9162,2517,560,32
19,DSC_9163,2746,698,35
20,DSC_9164,2958,813,31
21,DSC_9165,3088,873,34
22,DSC_9166,3132,937,34
23,DSC_9167,3171,1037,32
24,DSC_9168,3252,1079,31
25,DSC_9169,3390,1120,29
26,DSC_9170,3589,1182,32
27,DSC_9171,3761,1225,30
28,DSC_9172,3938,1281,34
29,DSC_9173,4152,1320,29
30,DSC_9203,3980,2495,76
31,DSC_9205,3649,2329,75
32,DSC_9206,3569,2275,77
33,DSC_9207,3301,2171,73
34,DSC_9208,3188,2144,81
35,DSC_9209,2861,2053,78
36,DSC_9210,2743,2029,87
37,DSC_9211,2486,1895,82
38,DSC_9212,2351,1802,72
39,DSC_9213,2279,1751,85
40,DSC_9214,2229,1668,69
41,DSC_9215,2153,1510,83
42,DSC_9216,2118,1426,75
43,DSC_9217,2049,1196,68
44,DSC_9218,1989,1150,77
45,DSC_9219,1794,1150,62
46,DSC_9220,1416,1009,61
47,DSC_9221,1257,943,62
48,DSC_9222,1313,993,67
49,DSC_9223,1055,977,65
50,DSC_9224,534,858,81
51,DSC_9225,139,581,66
52,DSC_9226,560,598,68
53,DSC_9227,708,584,66
54,DSC_9228,781,655,69
55,DSC_9229,796,702,66
56,DSC_9230,836,723,71
57,DSC_9231,988,684,64
58,DSC_9232,1102,661,71
59,DSC_9233,1231,630,64
60,DSC_9234,1375,626,69
61,DSC_9236,1456,709,65
62,DSC_9237,1709,772,76
63,DSC_9243,2878,2052,76
64,DSC_9244,2641,2055,93
65,DSC_9247,1649,2057,68
66,DSC_9248,1530,2053,68
67,DSC_9249,1314,2047,65
68,DSC_9250,1188,2059,66
69,DSC_9251,1079,2084,64
70,DSC_9252,830,2149,67
71,DSC_9253,723,2163,71
72,DSC_9254,585,2167,67
73,DSC_9255,441,2174,67
74,DSC_9257,105,2191,69
75,DSC_9259,762,2122,80
76,DSC_9260,1069,2065,75
77,DSC_9261,1373,2035,78
78,DSC_9265,139,2685,62
0,DSC_0547,219,1545,117
1,DSC_0548,448,1485,114
2,DSC_0551,1091,1393,119
3,DSC_0552,1353,1339,119
4,DSC_0553,1834,1044,122
5,DSC_0554,2169,962,125
6,DSC_0555,2351,994,122
7,DSC_0556,2520,1045,122
8,DSC_0557,2854,1192,118
9,DSC_0558,2977,1259,118
10,DSC_0559,3109,1302,115
11,DSC_0560,3411,1310,112
12,DSC_0561,3540,1290,111
13,DSC_0562,3669,1278,110
14,DSC_0563,3779,1287,109
15,DSC_0564,3871,1306,108
16,DSC_0565,3938,1332,109
17,DSC_0566,4058,1363,106
18,DSC_0567,4120,1363,106
19,DSC_0571,4180,1273,103
20,DSC_0572,3396,1380,110
21,DSC_0573,2854,1711,39
22,DSC_0574,2124,1952,116
23,DSC_0575,1665,2139,120
24,DSC_0576,1049,1936,131
25,DSC_0579,329,1626,114
26,DSC_0580,429,1621,115
27,DSC_0583,957,1415,116
28,DSC_0584,1134,1324,117
29,DSC_0585,1323,1271,117
30,DSC_0586,1508,1249,119
31,DSC_0587,1674,1245,116
32,DSC_0588,1792,1247,127
33,DSC_0589,1865,1275,116
34,DSC_0590,1536,1305,121
35,DSC_0591,1300,1388,115
36,DSC_0592,1147,1552,111
37,DSC_0593,1435,1413,110
38,DSC_0594,1814,1371,112
39,DSC_0595,2249,1426,110
40,DSC_0596,2663,1561,112
41,DSC_0597,2955,1659,113
42,DSC_0598,3068,1694,117
43,DSC_0599,3220,1715,111
44,DSC_0600,3331,1713,112
45,DSC_0601,3421,1695,121
46,DSC_0602,3653,1529,142
47,DSC_0603,3854,1495,113
48,DSC_0605,3975,1263,113
49,DSC_0606,3580,1280,112
50,DSC_0607,3316,1331,112
51,DSC_0608,3047,1436,113
52,DSC_0609,2809,1577,112
53,DSC_0610,2599,1705,111
54,DSC_0611,2422,1775,112
55,DSC_0612,2254,1769,117
56,DSC_0613,1693,1633,127
57,DSC_0614,1342,1839,131
58,DSC_0615,941,1992,135
59,DSC_0623,1107,764,116
60,DSC_0624,1221,743,116
61,DSC_0625,1348,773,119
62,DSC_0626,1466,802,116
63,DSC_0627,1815,771,114
64,DSC_0628,1968,711,113
65,DSC_0629,2096,624,115
66,DSC_0630,2382,544,118
67,DSC_0631,2504,609,119
68,DSC_0632,2610,675,119
69,DSC_0633,2840,772,127
70,DSC_0634,2967,797,120
71,DSC_0635,3159,812,120
72,DSC_0636,3270,795,116
73,DSC_0637,3364,772,116
74,DSC_0638,3445,748,115
75,DSC_0639,3678,679,113
76,DSC_0640,3782,653,121
77,DSC_0641,3911,633,114
78,DSC_0642,4018,621,112
79,DSC_0647,3924,1275,112
80,DSC_0648,3469,1610,116
81,DSC_0649,2711,1700,117
82,DSC_0650,2269,1668,115
83,DSC_0651,1883,1689,122
84,DSC_0652,1589,2002,134
85,DSC_0653,1122,2261,137
86,DSC_0654,252,421,135
87,DSC_0676,3054,2724,119
88,DSC_0677,3132,2715,121
89,DSC_0678,3217,2713,119
90,DSC_0679,3294,2699,119
91,DSC_0680,3480,2612,118
92,DSC_0681,3946,2678,117
93,DSC_0682,3808,2655,117
94,DSC_0683,3310,2536,123
95,DSC_0684,2805,2496,121
96,DSC_0685,2147,2560,125
97,DSC_0686,1712,2378,132
98,DSC_0687,1238,1997,135
99,DSC_0688,923,1820,138
0,DSC_2168,744,380,113
1,DSC_2169,945,413,115
2,DSC_2170,1202,398,118
3,DSC_2171,1739,439,119
4,DSC_2172,1905,468,117
5,DSC_2173,2066,500,114
6,DSC_2174,2220,533,114
7,DSC_2175,2370,563,113
8,DSC_2176,2515,569,113
9,DSC_2177,2660,585,113
10,DSC_2178,2808,598,114
11,DSC_2179,2961,620,112
12,DSC_2180,3074,619,152
13,DSC_2181,3264,632,112
14,DSC_2182,3414,606,116
15,DSC_2183,3573,558,108
16,DSC_2184,3675,493,108
17,DSC_2185,3754,415,108
18,DSC_2186,3822,362,107
19,DSC_2187,3889,350,109
20,DSC_2188,3961,381,107
21,DSC_2189,3942,446,111
22,DSC_2190,3484,590,117
23,DSC_2191,3157,624,117
24,DSC_2192,2300,725,116
25,DSC_2193,1336,677,125
26,DSC_2194,626,516,120
27,DSC_2197,141,1133,112
28,DSC_2198,257,1278,122
29,DSC_2199,402,1357,121
30,DSC_2200,511,1411,118
31,DSC_2201,629,1416,122
32,DSC_2202,769,1376,118
33,DSC_2203,926,1316,117
34,DSC_2204,1082,1268,120
35,DSC_2205,1254,1229,113
36,DSC_2206,1413,1192,116
37,DSC_2207,1582,1164,114
38,DSC_2208,1746,1165,114
39,DSC_2209,1915,1173,113
40,DSC_2210,2072,1209,112
41,DSC_2211,2224,1267,112
42,DSC_2212,2366,1322,114
43,DSC_2213,2501,1348,111
44,DSC_2214,2618,1357,110
45,DSC_2215,2711,1328,113
46,DSC_2216,2943,1277,110
47,DSC_2217,3038,1282,110
48,DSC_2218,3121,1286,110
49,DSC_2219,3410,1226,109
50,DSC_2220,3583,1317,106
51,DSC_2221,3830,1359,110
52,DSC_2222,4167,1377,116
53,DSC_2223,4178,1378,105
54,DSC_2224,3898,1562,112
55,DSC_2225,3410,1480,111
56,DSC_2226,2776,1331,119
57,DSC_2227,2213,1327,113
58,DSC_2228,1328,1212,115
59,DSC_2229,817,1062,121
60,DSC_2230,223,1238,120
61,DSC_2232,135,2224,112
62,DSC_2233,456,2148,113
63,DSC_2234,543,2149,116
64,DSC_2235,645,2159,116
65,DSC_2236,758,2190,115
66,DSC_2237,874,2206,114
67,DSC_2238,997,2221,115
68,DSC_2239,1110,2256,114
69,DSC_2240,1220,2298,113
70,DSC_2241,1331,2333,111
71,DSC_2242,1435,2363,111
72,DSC_2243,1698,2369,111
73,DSC_2244,1836,2334,111
74,DSC_2245,1979,2292,111
75,DSC_2246,2134,2238,111
76,DSC_2247,2289,2165,111
77,DSC_2248,2452,2104,114
78,DSC_2249,2633,2064,108
79,DSC_2250,2805,2042,114
80,DSC_2251,2933,2042,149
81,DSC_2252,3116,2064,109
82,DSC_2253,3236,2106,109
83,DSC_2254,3521,2171,107
84,DSC_2255,3757,2111,108
85,DSC_2256,4049,2064,107
86,DSC_2259,3999,2221,109
87,DSC_2260,3499,2126,107
88,DSC_2261,3297,2041,111
89,DSC_2262,2840,2132,114
90,DSC_2263,2390,2335,115
91,DSC_2264,1964,2324,112
92,DSC_2265,1667,2137,112
93,DSC_2266,1271,2113,114
94,DSC_2267,793,2305,118
95,DSC_2268,388,2390,115
0,DSC_8196,355,1090,76
1,DSC_8197,348,1091,77
2,DSC_8198,309,1080,71
3,DSC_8199,268,1074,69
4,DSC_8200,201,1045,80
5,DSC_8224,3852,1005,77
6,DSC_8225,410,783,61
7,DSC_8226,520,786,57
8,DSC_8227,636,785,51
9,DSC_8228,749,794,55
10,DSC_8229,872,797,54
11,DSC_8230,988,797,57
12,DSC_8231,1097,799,55
13,DSC_8232,1203,800,51
14,DSC_8233,1305,804,51
15,DSC_8234,1411,802,47
16,DSC_8235,1505,807,49
17,DSC_8236,1590,822,55
18,DSC_8237,1669,832,59
19,DSC_8238,1743,838,57
20,DSC_8239,1811,845,58
21,DSC_8240,1881,850,57
22,DSC_8241,1938,848,52
23,DSC_8242,2009,857,60
24,DSC_8243,2103,858,58
25,DSC_8244,2191,865,60
26,DSC_8245,2408,873,57
27,DSC_8246,2697,905,53
28,DSC_8247,2924,946,54
0,DSC_0104,2043,1974,152
1,DSC_0105,1755,1626,119
2,DSC_0106,1721,1524,126
3,DSC_0107,1673,1379,113
4,DSC_0108,1619,1304,105
5,DSC_0109,1578,1223,104
6,DSC_0112,1497,963,81
7,DSC_0113,1494,949,95
8,DSC_0114,1480,921,90
9,DSC_0115,1471,903,86
10,DSC_0116,1469,947,84
11,DSC_0117,1499,950,84
12,DSC_0118,1379,954,86
13,DSC_0119,1494,918,74
14,DSC_0120,1491,831,87
15,DSC_0121,1339,712,78
16,DSC_0122,1368,584,80
17,DSC_0123,1415,482,65
18,DSC_0124,1431,443,77
19,DSC_0125,1412,387,67
20,DSC_0126,1403,349,62
21,DSC_0128,1301,288,56
22,DSC_0129,1263,241,65
23,DSC_0130,1195,172,65
24,DSC_0131,1149,116,54
25,DSC_0132,1162,122,46
26,DSC_0141,3034,814,109
27,DSC_0142,2976,781,111
28,DSC_0143,2888,725,105
29,DSC_0144,2703,640,102
30,DSC_0145,2612,567,110
31,DSC_0146,2444,386,82
32,DSC_0147,2365,328,82
33,DSC_0148,2289,269,72
34,DSC_0149,2212,225,76
35,DSC_0150,2174,213,72
36,DSC_0151,2156,193,74
37,DSC_0152,2149,159,66
38,DSC_0153,2103,83,65
39,DSC_0166,254,1111,172
40,DSC_0167,317,1084,152
41,DSC_0168,296,954,139
42,DSC_0169,333,769,121
43,DSC_0170,386,627,119
44,DSC_0171,430,535,99
45,DSC_0172,447,500,97
46,DSC_0173,442,460,91
47,DSC_0174,435,428,89
48,DSC_0175,434,391,90
49,DSC_0176,460,282,84
50,DSC_0177,474,237,86
51,DSC_0178,493,169,80
